stock_id,trade_date,open,close,change_pct,previous_trade_date,previous_close,calendar_gap_days,close_return,open_gap,implied_official_reference_price,reference_reset_return,market_return_from_reference,observation_number,official_event_date,event_kinds,source_reports,official_pre_close,official_reference_price,official_adjustment_factor,event_ledger_eligible,event_ledger_block_reasons,classification,asset_type,listing_date,total_return_eligible,official_pre_close_matches
0080,2012-03-29,361.0,450.0,21.6545,2012-03-28,369.9,1.0,0.2165450121654502,-0.024060556907272157,369.900003699,1.0000000161269895e-08,0.216545,613,,,,,,,,,excluded_non_common_security,non_company_security,,False,
01005T,2012-03-01,13.87,13.87,0.0,2012-02-29,22.2,1.0,-0.3752252252252253,-0.3752252252252253,13.87,-0.3752252252252253,0.0,1375,2012-03-01,ex_dividend,TWT49U,22.2,12.97,0.5842342342342343,True,,matched_corporate_action,non_company_security,,True,True
1204,2005-05-13,6.2,5.79,0.0,2005-04-08,3.41,35.0,0.6979472140762464,0.8181818181818181,5.79,0.6979472140762464,0.0,62,,,,,,,,,official_reference_reset_unresolved_cause,common_stock,,False,
1204,2005-08-03,2.78,2.78,0.0,2005-07-21,3.96,13.0,-0.297979797979798,-0.297979797979798,2.78,-0.297979797979798,0.0,111,,,,,,,,,official_reference_reset_unresolved_cause,common_stock,,False,
1204,2005-08-26,1.49,1.49,0.0,2005-08-16,1.96,10.0,-0.23979591836734693,-0.23979591836734693,1.49,-0.23979591836734693,0.0,117,,,,,,,,,official_reference_reset_unresolved_cause,common_stock,,False,
1207,2006-12-08,3.72,3.72,0.0,2006-11-20,2.21,18.0,0.6832579185520362,0.6832579185520362,3.72,0.6832579185520362,0.0,466,,,,,,,,,official_reference_reset_unresolved_cause,common_stock,,False,
1210,2014-08-28,28.5,29.45,0.0,2014-08-27,36.85,1.0,-0.20081411126187254,-0.22659430122116697,29.45,-0.20081411126187254,0.0,2382,2014-08-28,ex_right_dividend,TWT49U,36.85,27.57,0.748168249660787,True,,matched_corporate_action,common_stock,1978-05-20,True,True
1213,2006-09-19,12.1,11.5,0.0,2006-09-18,14.4,1.0,-0.20138888888888895,-0.15972222222222232,11.5,-0.20138888888888895,0.0,377,2006-09-19,ex_right,TWT49U,14.4,12.0,0.8333333333333333,True,,matched_corporate_action,common_stock,1981-04-10,True,True
1227,2012-07-17,71.0,72.7,0.0,2012-07-16,91.0,1.0,-0.20109890109890105,-0.21978021978021978,72.7,-0.20109890109890105,0.0,1862,2012-07-17,ex_right_dividend,TWT49U,91.0,71.45,0.7851648351648352,True,,matched_corporate_action,common_stock,1994-04-09,True,True
1306,2005-08-24,2.03,2.03,0.0,2005-08-12,2.69,12.0,-0.24535315985130113,-0.24535315985130113,2.03,-0.24535315985130113,0.0,144,,,,,,,,,official_reference_reset_unresolved_cause,common_stock,,False,
1312A,2010-07-14,20.75,20.75,0.0,2010-07-13,27.9,1.0,-0.2562724014336917,-0.2562724014336917,20.75,-0.2562724014336917,0.0,1135,2010-07-14,ex_dividend,TWT49U,27.9,22.3,0.7992831541218639,True,,matched_corporate_action,non_company_security,,True,True
1316,2005-12-26,3.35,3.35,0.0,2005-11-22,1.57,34.0,1.1337579617834397,1.1337579617834397,3.35,1.1337579617834397,0.0,220,,,,,,,,,official_reference_reset_unresolved_cause,common_stock,1992-10-15,False,
1413,2009-12-15,5.25,5.25,0.0,2009-11-25,2.95,20.0,0.7796610169491525,0.7796610169491525,5.25,0.7796610169491525,0.0,1209,,,,,,,,,official_reference_reset_unresolved_cause,common_stock,1975-12-23,False,
1413,2014-11-28,5.27,5.46,0.0,2014-11-13,3.4,15.0,0.6058823529411765,0.5499999999999998,5.46,0.6058823529411765,0.0,2422,2014-11-28,capital_reduction,TWTAUU,3.4,5.66,1.6647058823529413,False,capital_reduction_actual_share_ratio_missing,matched_corporate_action,common_stock,1975-12-23,False,True
1416,2010-10-14,13.95,13.95,0.0,2010-09-27,9.16,17.0,0.5229257641921397,0.5229257641921397,13.95,0.5229257641921397,0.0,1416,,,,,,,,,official_reference_reset_unresolved_cause,common_stock,1976-04-20,False,
1418,2008-11-17,2.27,2.27,0.0,2008-10-29,1.22,19.0,0.860655737704918,0.860655737704918,2.27,0.860655737704918,0.0,942,,,,,,,,,official_reference_reset_unresolved_cause,common_stock,1977-02-14,False,
1432,2005-10-05,3.9,3.9,0.0,2005-09-15,6.42,20.0,-0.39252336448598135,-0.39252336448598135,3.9,-0.39252336448598135,0.0,62,,,,,,,,,official_reference_reset_unresolved_cause,common_stock,1982-07-26,False,
1432,2005-11-17,1.36,1.36,0.0,2005-10-05,3.9,43.0,-0.6512820512820512,-0.6512820512820512,1.36,-0.6512820512820512,0.0,63,,,,,,,,,official_reference_reset_unresolved_cause,common_stock,1982-07-26,False,
1432,2006-02-20,1.75,1.75,0.0,2006-02-03,2.68,17.0,-0.3470149253731344,-0.3470149253731344,1.75,-0.3470149253731344,0.0,107,,,,,,,,,official_reference_reset_unresolved_cause,common_stock,1982-07-26,False,
1432,2006-04-12,3.33,3.33,0.0,2006-03-08,1.24,35.0,1.685483870967742,1.685483870967742,3.33,1.685483870967742,0.0,117,,,,,,,,,official_reference_reset_unresolved_cause,common_stock,1982-07-26,False,
1432,2008-09-12,4.54,4.54,0.0,2008-06-11,6.05,93.0,-0.24958677685950414,-0.24958677685950414,4.54,-0.24958677685950414,0.0,572,,,,,,,,,official_reference_reset_unresolved_cause,common_stock,1982-07-26,False,
1432,2008-11-03,2.09,2.09,0.0,2008-09-15,4.85,49.0,-0.5690721649484536,-0.5690721649484536,2.09,-0.5690721649484536,0.0,574,,,,,,,,,official_reference_reset_unresolved_cause,common_stock,1982-07-26,False,
1432,2008-11-27,1.29,1.29,0.0,2008-11-12,1.7,15.0,-0.24117647058823521,-0.24117647058823521,1.29,-0.24117647058823521,0.0,582,,,,,,,,,official_reference_reset_unresolved_cause,common_stock,1982-07-26,False,
1432,2009-05-19,2.79,2.79,0.0,2009-04-24,4.6,25.0,-0.39347826086956517,-0.39347826086956517,2.79,-0.39347826086956517,0.0,617,,,,,,,,,official_reference_reset_unresolved_cause,common_stock,1982-07-26,False,
1432,2013-08-27,27.35,26.5,0.0,2013-08-26,38.3,1.0,-0.30809399477806787,-0.28590078328981716,26.5,-0.30809399477806787,0.0,1575,2013-08-27,ex_right,TWT49U,38.3,27.35,0.7140992167101828,True,,matched_corporate_action,common_stock,1982-07-26,True,True
1436,2012-08-06,34.1,35.45,0.0,2012-07-24,14.2,13.0,1.496478873239437,1.4014084507042255,35.45,1.496478873239437,0.0,1867,2012-08-06,capital_reduction,TWTAUU,14.2,33.14,2.3338028169014087,False,capital_refund_and_exchange_ratio_missing,matched_corporate_action,common_stock,1988-04-11,False,True
1438,2005-06-02,0.98,0.98,0.0,2005-05-03,2.09,30.0,-0.5311004784688995,-0.5311004784688995,0.98,-0.5311004784688995,0.0,50,,,,,,,,,official_reference_reset_unresolved_cause,common_stock,1988-12-15,False,
1438,2005-11-17,1.87,1.63,0.0,2005-11-02,2.17,15.0,-0.24884792626728114,-0.13824884792626724,1.63,-0.24884792626728114,0.0,108,,,,,,,,,official_reference_reset_unresolved_cause,common_stock,1988-12-15,False,
1438,2006-01-09,1.05,1.05,0.0,2005-12-19,1.82,21.0,-0.423076923076923,-0.423076923076923,1.05,-0.423076923076923,0.0,127,,,,,,,,,official_reference_reset_unresolved_cause,common_stock,1988-12-15,False,
1438,2009-03-12,0.7,0.7,0.0,2008-12-26,0.92,76.0,-0.23913043478260876,-0.23913043478260876,0.7,-0.23913043478260876,0.0,554,,,,,,,,,official_reference_reset_unresolved_cause,common_stock,1988-12-15,False,
1439,2011-07-19,36.85,34.6,0.0,2011-07-18,47.0,1.0,-0.2638297872340425,-0.2159574468085106,34.6,-0.2638297872340425,0.0,1614,2011-07-19,ex_dividend,TWT49U,47.0,37.0,0.7872340425531915,True,,matched_corporate_action,common_stock,1989-05-22,True,True
1441,2009-09-18,8.64,8.64,0.0,2009-09-03,5.09,15.0,0.6974459724950886,0.6974459724950886,8.64,0.6974459724950886,0.0,1150,,,,,,,,,official_reference_reset_unresolved_cause,common_stock,1989-10-27,False,
1441,2010-10-20,10.4,10.0,0.0,2010-10-04,7.94,16.0,0.2594458438287153,0.3098236775818639,10.0,0.2594458438287153,0.0,1411,,,,,,,,,official_reference_reset_unresolved_cause,common_stock,1989-10-27,False,
1442,2007-03-13,29.2,29.2,0.0,2007-02-14,17.75,27.0,0.6450704225352113,0.6450704225352113,29.2,0.6450704225352113,0.0,527,,,,,,,,,official_reference_reset_unresolved_cause,common_stock,1989-11-16,False,
1443,2011-09-22,6.85,6.5,0.0,2011-09-06,3.24,16.0,1.0061728395061729,1.1141975308641974,6.5,1.0061728395061729,0.0,1647,2011-09-22,capital_reduction,TWTAUU,3.24,6.97,2.151234567901234,False,capital_reduction_actual_share_ratio_missing,matched_corporate_action,common_stock,1990-04-21,False,True
1446,2008-01-07,10.95,10.3,0.0,2007-12-19,6.55,19.0,0.5725190839694658,0.6717557251908397,10.3,0.5725190839694658,0.0,729,,,,,,,,,official_reference_reset_unresolved_cause,common_stock,1991-10-15,False,
1449,2006-01-04,2.0,2.0,0.0,2005-11-30,1.24,35.0,0.6129032258064517,0.6129032258064517,2.0,0.6129032258064517,0.0,226,,,,,,,,,official_reference_reset_unresolved_cause,common_stock,1992-05-06,False,
1449,2009-03-04,1.16,1.16,0.0,2009-02-12,0.75,20.0,0.5466666666666666,0.5466666666666666,1.16,0.5466666666666666,0.0,985,,,,,,,,,official_reference_reset_unresolved_cause,common_stock,1992-05-06,False,
1449,2009-12-21,2.69,2.69,0.0,2009-12-01,1.89,20.0,0.42328042328042326,0.42328042328042326,2.69,0.42328042328042326,0.0,1176,,,,,,,,,official_reference_reset_unresolved_cause,common_stock,1992-05-06,False,
1449,2014-11-18,3.63,3.63,0.0,2014-11-05,1.39,13.0,1.6115107913669067,1.6115107913669067,3.63,1.6115107913669067,0.0,2330,2014-11-18,capital_reduction,TWTAUU,1.39,3.9,2.8057553956834536,False,capital_reduction_actual_share_ratio_missing,matched_corporate_action,common_stock,1992-05-06,False,True
1453,2006-12-14,3.98,3.98,0.0,2006-11-24,1.65,20.0,1.412121212121212,1.412121212121212,3.98,1.412121212121212,0.0,454,,,,,,,,,official_reference_reset_unresolved_cause,common_stock,1993-04-19,False,
1453,2008-11-07,10.5,10.5,0.0,2008-10-23,5.27,15.0,0.9924098671726758,0.9924098671726758,10.5,0.9924098671726758,0.0,865,,,,,,,,,official_reference_reset_unresolved_cause,common_stock,1993-04-19,False,
1456,2005-05-16,2.3,2.16,0.0,2005-04-12,1.79,34.0,0.2067039106145252,0.2849162011173183,2.16,0.2067039106145252,0.0,65,,,,,,,,,official_reference_reset_unresolved_cause,common_stock,1993-12-09,False,
1456,2008-11-26,2.36,2.36,0.0,2008-11-06,1.9,20.0,0.24210526315789482,0.24210526315789482,2.36,0.24210526315789482,0.0,925,,,,,,,,,official_reference_reset_unresolved_cause,common_stock,1993-12-09,False,
1456,2009-05-19,1.59,1.59,0.0,2009-05-05,2.24,14.0,-0.2901785714285715,-0.2901785714285715,1.59,-0.2901785714285715,0.0,1030,,,,,,,,,official_reference_reset_unresolved_cause,common_stock,1993-12-09,False,
1456,2014-01-13,9.09,9.09,0.0,2013-12-30,3.4,14.0,1.6735294117647057,1.6735294117647057,9.09,1.6735294117647057,0.0,2055,2014-01-13,capital_reduction,TWTAUU,3.4,8.5,2.5,False,capital_reduction_actual_share_ratio_missing,matched_corporate_action,common_stock,1993-12-09,False,True
1457,2008-04-25,7.86,7.5,0.0,2008-04-08,5.15,17.0,0.4563106796116503,0.5262135922330096,7.5,0.4563106796116503,0.0,800,,,,,,,,,official_reference_reset_unresolved_cause,common_stock,1994-10-20,False,
1462,2005-03-04,0.79,0.79,0.0,2005-02-14,0.42,18.0,0.8809523809523812,0.8809523809523812,0.79,0.8809523809523812,0.0,26,,,,,,,,,official_reference_reset_unresolved_cause,common_stock,,False,
1472,2011-11-30,9.98,9.98,0.0,2011-11-11,7.3,19.0,0.3671232876712329,0.3671232876712329,9.98,0.3671232876712329,0.0,1696,2011-11-30,capital_reduction,TWTAUU,7.3,10.73,1.4698630136986301,False,capital_reduction_actual_share_ratio_missing,matched_corporate_action,common_stock,2000-09-11,False,True
1475,2005-03-07,22.15,22.15,0.0,2005-01-28,11.4,38.0,0.9429824561403506,0.9429824561403506,22.15,0.9429824561403506,0.0,14,,,,,,,,,official_reference_reset_unresolved_cause,common_stock,2000-10-27,False,
1475,2008-02-29,17.8,17.8,0.0,2008-02-13,11.65,16.0,0.5278969957081545,0.5278969957081545,17.8,0.5278969957081545,0.0,554,,,,,,,,,official_reference_reset_unresolved_cause,common_stock,2000-10-27,False,
1475,2009-09-04,9.36,9.36,0.0,2009-08-18,5.25,17.0,0.7828571428571427,0.7828571428571427,9.36,0.7828571428571427,0.0,791,,,,,,,,,official_reference_reset_unresolved_cause,common_stock,2000-10-27,False,
1475,2011-12-06,9.02,9.04,0.0,2011-11-16,5.82,20.0,0.5532646048109964,0.5498281786941579,9.04,0.5532646048109964,0.0,1331,2011-12-06,capital_reduction,TWTAUU,5.82,9.69,1.6649484536082473,False,capital_reduction_actual_share_ratio_missing,matched_corporate_action,common_stock,2000-10-27,False,True
1506,2010-10-19,25.85,24.7,0.0,2010-09-30,17.1,19.0,0.4444444444444442,0.5116959064327484,24.7,0.4444444444444442,0.0,1418,,,,,,,,,official_reference_reset_unresolved_cause,common_stock,1980-08-11,False,
1515,2012-12-07,6.99,6.99,0.0,2012-11-22,5.19,15.0,0.34682080924855496,0.34682080924855496,6.99,0.34682080924855496,0.0,1953,2012-12-07,capital_reduction,TWTAUU,5.19,6.54,1.260115606936416,False,capital_reduction_actual_share_ratio_missing,matched_corporate_action,common_stock,1995-02-04,False,True
1516,2011-09-01,5.53,5.53,0.0,2011-08-19,1.81,13.0,2.0552486187845305,2.0552486187845305,5.53,2.0552486187845305,0.0,1639,2011-09-01,capital_reduction,TWTAUU,1.81,5.17,2.8563535911602207,False,capital_reduction_actual_share_ratio_missing,matched_corporate_action,common_stock,1995-04-01,False,True
1516,2012-09-28,10.65,10.65,0.0,2012-09-12,3.27,16.0,2.2568807339449544,2.2568807339449544,10.65,2.2568807339449544,0.0,1878,2012-09-28,capital_reduction,TWTAUU,3.27,9.96,3.045871559633028,False,capital_reduction_actual_share_ratio_missing,matched_corporate_action,common_stock,1995-04-01,False,True
1516,2014-08-25,17.05,17.0,0.0,2014-08-12,12.8,13.0,0.328125,0.33203125,17.0,0.328125,0.0,2191,2014-08-25,capital_reduction,TWTAUU,12.8,15.95,1.2460937499999998,False,capital_reduction_actual_share_ratio_missing,matched_corporate_action,common_stock,1995-04-01,False,True
1526,2006-02-22,4.8,4.49,0.0,2006-01-18,3.2,35.0,0.40312499999999996,0.4999999999999998,4.49,0.40312499999999996,0.0,261,,,,,,,,,official_reference_reset_unresolved_cause,common_stock,2000-03-27,False,
1527,2006-09-13,38.15,38.0,0.0,2006-09-12,48.7,1.0,-0.21971252566735122,-0.21663244353182765,38.0,-0.21971252566735122,0.0,420,2006-09-13,ex_right_dividend,TWT49U,48.7,38.13,0.7829568788501027,True,,matched_corporate_action,common_stock,2000-06-21,True,True
1532,2010-08-05,36.0,35.2,0.0,2010-08-04,45.55,1.0,-0.22722283205268923,-0.2096597145993413,35.2,-0.22722283205268923,0.0,1379,2010-08-05,ex_right_dividend,TWT49U,45.55,34.84,0.7648737650933042,True,,matched_corporate_action,common_stock,2000-09-11,True,True
1538,2014-11-10,12.65,12.65,0.0,2014-10-24,6.02,17.0,1.101328903654485,1.101328903654485,12.65,1.101328903654485,0.0,2422,2014-11-10,capital_reduction,TWTAUU,6.02,11.86,1.9700996677740865,False,capital_reduction_actual_share_ratio_missing,matched_corporate_action,common_stock,2002-08-26,False,True
1604,2006-11-23,7.28,7.28,0.0,2006-11-03,4.56,20.0,0.5964912280701757,0.5964912280701757,7.28,0.5964912280701757,0.0,455,,,,,,,,,official_reference_reset_unresolved_cause,common_stock,1970-12-14,False,
1604,2010-10-18,7.5,7.24,0.0,2010-10-01,5.12,17.0,0.4140625,0.46484375,7.24,0.4140625,0.0,1407,,,,,,,,,official_reference_reset_unresolved_cause,common_stock,1970-12-14,False,
1613,2006-01-09,2.6,2.6,0.0,2005-12-07,1.97,33.0,0.31979695431472077,0.31979695431472077,2.6,0.31979695431472077,0.0,231,,,,,,,,,official_reference_reset_unresolved_cause,common_stock,,False,
1614,2013-10-18,38.0,39.8,0.0,2013-10-03,33.15,15.0,0.20060331825037703,0.14630467571644057,39.8,0.20060331825037703,0.0,2161,2013-10-18,capital_reduction,TWTAUU,33.15,37.23,1.123076923076923,False,capital_refund_and_exchange_ratio_missing,matched_corporate_action,common_stock,1997-09-18,False,True
1721,2009-12-23,13.7,13.7,0.0,2009-12-03,7.51,20.0,0.8242343541944075,0.8242343541944075,13.7,0.8242343541944075,0.0,1215,,,,,,,,,official_reference_reset_unresolved_cause,common_stock,1996-05-16,False,
1724,2005-12-29,12.05,12.05,0.0,2005-11-24,8.3,35.0,0.4518072289156627,0.4518072289156627,12.05,0.4518072289156627,0.0,222,,,,,,,,,official_reference_reset_unresolved_cause,common_stock,,False,
1725,2010-08-19,29.4,26.8,0.0,2010-08-18,33.8,1.0,-0.20710059171597628,-0.1301775147928994,26.8,-0.20710059171597628,0.0,1389,2010-08-19,ex_right_dividend,TWT49U,33.8,28.55,0.8446745562130178,True,,matched_corporate_action,common_stock,2000-09-11,True,True
1736,2006-08-14,188.0,179.0,0.0,2006-08-11,228.0,3.0,-0.2149122807017544,-0.17543859649122806,179.0,-0.2149122807017544,0.0,398,2006-08-14,ex_right_dividend,TWT49U,228.0,184.06,0.8072807017543859,True,,matched_corporate_action,common_stock,2003-01-09,True,True
1736,2014-07-22,66.3,66.0,0.0,2014-07-21,101.5,1.0,-0.3497536945812808,-0.3467980295566503,66.0,-0.3497536945812808,0.0,2356,2014-07-22,ex_right_dividend,TWT49U,101.5,66.33,0.6534975369458128,True,,matched_corporate_action,common_stock,2003-01-09,True,True
1737,2013-12-30,30.75,30.75,0.0,2013-12-13,23.5,17.0,0.3085106382978724,0.3085106382978724,30.75,0.3085106382978724,0.0,2211,2013-12-30,capital_reduction,TWTAUU,23.5,28.77,1.2242553191489363,False,capital_refund_and_exchange_ratio_missing,matched_corporate_action,common_stock,2003-11-18,False,True
1805,2006-12-25,20.25,20.25,0.0,2006-12-06,2.37,19.0,7.544303797468354,7.544303797468354,20.25,7.544303797468354,0.0,471,,,,,,,,,official_reference_reset_unresolved_cause,common_stock,1989-10-20,False,
1805,2008-11-03,4.5,3.97,0.0,2008-10-22,5.09,12.0,-0.22003929273084477,-0.11591355599214148,3.97,-0.22003929273084477,0.0,882,,,,,,,,,official_reference_reset_unresolved_cause,common_stock,1989-10-20,False,
1805,2010-08-18,12.95,11.65,0.0,2010-07-30,6.57,19.0,0.7732115677321156,0.9710806697108065,11.65,0.7732115677321156,0.0,1277,,,,,,,,,official_reference_reset_unresolved_cause,common_stock,1989-10-20,False,
1808,2007-09-06,29.1,27.9,0.0,2007-09-05,36.7,1.0,-0.23978201634877394,-0.2070844686648502,27.9,-0.23978201634877394,0.0,606,2007-09-06,ex_right_dividend,TWT49U,36.7,28.96,0.7891008174386921,True,,matched_corporate_action,common_stock,1994-10-26,True,True
2007,2007-04-12,9.15,9.15,0.0,2007-03-23,5.1,20.0,0.7941176470588238,0.7941176470588238,9.15,0.7941176470588238,0.0,546,,,,,,,,,official_reference_reset_unresolved_cause,common_stock,1988-10-04,False,
2007,2009-08-31,8.78,8.46,0.0,2009-08-11,4.71,20.0,0.7961783439490449,0.8641188959660295,8.46,0.7961783439490449,0.0,1122,,,,,,,,,official_reference_reset_unresolved_cause,common_stock,1988-10-04,False,
2017,2009-10-21,8.98,8.93,0.0,2009-10-01,6.3,20.0,0.41746031746031753,0.42539682539682544,8.93,0.41746031746031753,0.0,1170,,,,,,,,,official_reference_reset_unresolved_cause,common_stock,1992-11-02,False,
2022,2010-09-07,8.64,8.99,0.0,2010-08-18,6.03,20.0,0.49087893864013266,0.4328358208955225,8.99,0.49087893864013266,0.0,1389,,,,,,,,,official_reference_reset_unresolved_cause,common_stock,1995-03-27,False,
2024,2005-12-05,5.75,5.01,0.0,2005-11-16,3.35,19.0,0.4955223880597013,0.716417910447761,5.01,0.4955223880597013,0.0,216,,,,,,,,,official_reference_reset_unresolved_cause,common_stock,1995-12-30,False,
2030,2007-08-07,33.5,33.65,0.0,2007-08-06,42.9,1.0,-0.2156177156177156,-0.21911421911421913,33.65,-0.2156177156177156,0.0,637,2007-08-07,ex_right_dividend,TWT49U,42.9,33.04,0.7701631701631702,True,,matched_corporate_action,common_stock,1998-12-24,True,True
2030,2008-08-26,16.65,16.0,0.0,2008-08-25,20.1,1.0,-0.20398009950248763,-0.17164179104477628,16.0,-0.20398009950248763,0.0,897,2008-08-26,ex_right_dividend,TWT49U,20.1,16.95,0.8432835820895521,True,,matched_corporate_action,common_stock,1998-12-24,True,True
2031,2005-06-30,28.6,28.15,0.0,2005-06-29,36.1,1.0,-0.22022160664819956,-0.20775623268698062,28.15,-0.22022160664819956,0.0,120,2005-06-30,ex_right_dividend,TWT49U,36.1,28.75,0.796398891966759,True,,matched_corporate_action,common_stock,2000-09-11,True,True
2032,2007-08-14,27.0,26.45,0.0,2007-08-13,33.75,1.0,-0.21629629629629632,-0.19999999999999996,26.45,-0.21629629629629632,0.0,642,2007-08-14,ex_right,TWT49U,33.75,27.0,0.8,True,,matched_corporate_action,common_stock,2000-09-11,True,True
2034,2007-08-08,45.1,45.25,0.0,2007-08-07,58.3,1.0,-0.2238421955403087,-0.2264150943396226,45.25,-0.2238421955403087,0.0,638,2007-08-08,ex_right_dividend,TWT49U,58.3,43.98,0.7543739279588336,False,paid_subscription_settlement_timing_missing,matched_corporate_action,common_stock,2001-09-17,False,True
2101,2006-07-04,45.35,45.35,0.0,2006-07-03,60.4,1.0,-0.2491721854304635,-0.2491721854304635,45.35,-0.2491721854304635,0.0,369,2006-07-04,ex_right_dividend,TWT49U,60.4,42.42,0.702317880794702,True,,matched_corporate_action,common_stock,1963-11-01,True,True
2101,2007-08-20,43.5,41.85,0.0,2007-08-17,60.5,3.0,-0.3082644628099174,-0.28099173553719003,41.85,-0.3082644628099174,0.0,646,2007-08-20,ex_right_dividend,TWT49U,60.5,40.82,0.6747107438016529,True,,matched_corporate_action,common_stock,1963-11-01,True,True
2101,2008-06-25,31.35,31.5,0.0,2008-06-24,41.0,1.0,-0.23170731707317072,-0.23536585365853657,31.5,-0.23170731707317072,0.0,854,2008-06-25,ex_right_dividend,TWT49U,41.0,31.15,0.7597560975609756,True,,matched_corporate_action,common_stock,1963-11-01,True,True
2105,2011-08-04,72.1,67.9,0.0,2011-08-03,87.6,1.0,-0.2248858447488583,-0.1769406392694064,67.9,-0.2248858447488583,0.0,1627,2011-08-04,ex_right_dividend,TWT49U,87.6,71.33,0.8142694063926941,True,,matched_corporate_action,common_stock,1987-12-07,True,True
2109,2013-12-27,20.35,20.35,0.0,2013-12-12,14.9,15.0,0.3657718120805369,0.3657718120805369,20.35,0.3657718120805369,0.0,2210,2013-12-27,capital_reduction,TWTAUU,14.9,19.05,1.278523489932886,False,capital_reduction_actual_share_ratio_missing,matched_corporate_action,common_stock,2000-05-08,False,True
2301,2007-07-26,62.8,57.5,0.0,2007-07-16,44.1,10.0,0.3038548752834467,0.4240362811791383,57.5,0.3038548752834467,0.0,622,,,,,,,,,official_reference_reset_unresolved_cause,common_stock,1995-11-17,False,
2302,2007-12-13,5.74,5.74,0.0,2007-11-27,4.37,16.0,0.3135011441647597,0.3135011441647597,5.74,0.3135011441647597,0.0,714,,,,,,,,,official_reference_reset_unresolved_cause,common_stock,1985-01-15,False,
2302,2008-10-01,3.19,3.19,0.0,2008-09-11,2.5,20.0,0.276,0.276,3.19,0.276,0.0,899,,,,,,,,,official_reference_reset_unresolved_cause,common_stock,1985-01-15,False,
2302,2009-10-21,5.79,5.79,0.0,2009-10-01,4.1,20.0,0.41219512195121966,0.41219512195121966,5.79,0.41219512195121966,0.0,1147,,,,,,,,,official_reference_reset_unresolved_cause,common_stock,1985-01-15,False,
2303,2007-10-09,24.7,23.45,0.0,2007-09-19,19.2,20.0,0.22135416666666674,0.28645833333333326,23.45,0.22135416666666674,0.0,668,,,,,,,,,official_reference_reset_unresolved_cause,common_stock,1985-07-16,False,
2314,2013-03-13,19.75,20.15,0.0,2013-02-26,12.9,15.0,0.5620155038759689,0.5310077519379846,20.15,0.5620155038759689,0.0,2012,2013-03-13,capital_reduction,TWTAUU,12.9,19.73,1.5294573643410854,False,capital_reduction_actual_share_ratio_missing,matched_corporate_action,common_stock,1990-08-08,False,True
2327,2014-10-09,49.6,48.15,0.0,2014-09-26,22.05,13.0,1.183673469387755,1.2494331065759638,48.15,1.183673469387755,0.0,2394,2014-10-09,capital_reduction,TWTAUU,22.05,49.82,2.259410430839002,False,capital_refund_and_exchange_ratio_missing,matched_corporate_action,common_stock,1993-10-22,False,True
2329,2008-08-21,7.54,6.8,0.0,2008-08-01,4.05,20.0,0.6790123456790125,0.8617283950617285,6.8,0.6790123456790125,0.0,881,,,,,,,,,official_reference_reset_unresolved_cause,common_stock,1994-04-20,False,
2331,2012-08-15,9.75,9.36,0.0,2012-08-14,12.05,1.0,-0.22323651452282167,-0.1908713692946059,9.36,-0.22323651452282167,0.0,1882,2012-08-15,ex_dividend,TWT49U,12.05,9.58,0.7950207468879668,True,,matched_corporate_action,common_stock,1994-09-21,True,True
2337,2006-05-17,8.43,8.43,0.0,2006-04-26,4.6,21.0,0.8326086956521741,0.8326086956521741,8.43,0.8326086956521741,0.0,323,,,,,,,,,official_reference_reset_unresolved_cause,common_stock,1995-03-15,False,
2340,2007-10-24,45.0,42.7,0.0,2007-10-04,28.35,20.0,0.5061728395061729,0.5873015873015872,42.7,0.5061728395061729,0.0,677,,,,,,,,,official_reference_reset_unresolved_cause,common_stock,1995-05-02,False,
2341,2006-03-23,27.3,27.3,0.0,2006-02-16,14.35,35.0,0.902439024390244,0.902439024390244,27.3,0.902439024390244,0.0,276,,,,,,,,,official_reference_reset_unresolved_cause,common_stock,,False,
2341,2008-03-04,17.15,17.15,0.0,2008-02-13,6.42,20.0,1.671339563862928,1.671339563862928,17.15,1.671339563862928,0.0,740,,,,,,,,,official_reference_reset_unresolved_cause,common_stock,,False,
2342,2005-05-16,7.87,7.87,0.0,2005-04-11,3.0,35.0,1.6233333333333335,1.6233333333333335,7.87,1.6233333333333335,0.0,64,,,,,,,,,official_reference_reset_unresolved_cause,common_stock,1995-09-19,False,
2342,2009-10-14,16.05,16.05,0.0,2009-09-24,8.2,20.0,0.9573170731707319,0.9573170731707319,16.05,0.9573170731707319,0.0,1142,,,,,,,,,official_reference_reset_unresolved_cause,common_stock,1995-09-19,False,
2342,2012-11-01,3.09,3.09,0.0,2012-10-17,1.83,15.0,0.6885245901639343,0.6885245901639343,3.09,0.6885245901639343,0.0,1891,2012-11-01,capital_reduction,TWTAUU,1.83,3.32,1.8142076502732238,False,capital_reduction_actual_share_ratio_missing,matched_corporate_action,common_stock,1995-09-19,False,True
2348,2006-11-20,13.3,13.3,0.0,2006-10-31,6.66,20.0,0.996996996996997,0.996996996996997,13.3,0.996996996996997,0.0,448,,,,,,,,,official_reference_reset_unresolved_cause,common_stock,1996-01-05,False,
2348,2008-12-01,1.72,1.72,0.0,2008-11-04,3.46,27.0,-0.5028901734104047,-0.5028901734104047,1.72,-0.5028901734104047,0.0,929,,,,,,,,,official_reference_reset_unresolved_cause,common_stock,1996-01-05,False,
2348,2011-03-01,7.18,7.47,0.0,2011-02-08,2.49,21.0,1.9999999999999996,1.8835341365461842,7.47,1.9999999999999996,0.0,1425,2011-03-01,capital_reduction,TWTAUU,2.49,6.99,2.8072289156626504,False,capital_reduction_actual_share_ratio_missing,matched_corporate_action,common_stock,1996-01-05,False,True
2348,2011-06-09,2.88,2.88,0.0,2011-05-30,4.1,10.0,-0.29756097560975603,-0.29756097560975603,2.88,-0.29756097560975603,0.0,1465,,,,,,,,,official_reference_reset_unresolved_cause,common_stock,1996-01-05,False,
2348,2012-12-28,28.65,28.65,0.0,2012-12-14,2.8,14.0,9.232142857142858,9.232142857142858,28.65,9.232142857142858,0.0,1691,2012-12-28,capital_reduction,TWTAUU,2.8,28.66,10.235714285714286,False,capital_reduction_actual_share_ratio_missing,matched_corporate_action,common_stock,1996-01-05,False,True
2352,2007-10-15,32.8,32.8,0.0,2007-10-01,18.4,14.0,0.7826086956521738,0.7826086956521738,32.8,0.7826086956521738,0.0,674,,,,,,,,,official_reference_reset_unresolved_cause,common_stock,1996-07-22,False,
2357,2010-06-24,240.5,240.5,0.0,2010-05-17,50.4,38.0,3.771825396825397,3.771825396825397,240.5,3.771825396825397,0.0,1323,,,,,,,,,official_reference_reset_unresolved_cause,common_stock,1996-11-14,False,
2357,2011-07-29,246.0,232.0,0.0,2011-07-28,310.5,1.0,-0.2528180354267311,-0.20772946859903385,232.0,-0.2528180354267311,0.0,1597,2011-07-29,ex_right_dividend,TWT49U,310.5,243.03,0.7827053140096618,True,,matched_corporate_action,common_stock,1996-11-14,True,True
2359,2008-05-20,26.0,27.2,0.0,2008-04-30,18.45,20.0,0.4742547425474255,0.4092140921409215,27.2,0.4742547425474255,0.0,816,,,,,,,,,official_reference_reset_unresolved_cause,common_stock,1996-12-19,False,
2361,2008-11-07,2.38,2.38,0.0,2008-10-21,1.44,17.0,0.6527777777777777,0.6527777777777777,2.38,0.6527777777777777,0.0,930,,,,,,,,,official_reference_reset_unresolved_cause,common_stock,,False,
2361,2009-09-25,3.86,3.86,0.0,2009-09-09,1.4,16.0,1.7571428571428571,1.7571428571428571,3.86,1.7571428571428571,0.0,1136,,,,,,,,,official_reference_reset_unresolved_cause,common_stock,,False,
2361,2010-05-13,5.26,5.26,0.0,2010-05-04,7.01,9.0,-0.24964336661911557,-0.24964336661911557,5.26,-0.24964336661911557,0.0,1285,,,,,,,,,official_reference_reset_unresolved_cause,common_stock,,False,
2363,2009-11-06,28.25,27.15,0.0,2009-10-19,15.4,18.0,0.7629870129870129,0.8344155844155843,27.15,0.7629870129870129,0.0,1182,,,,,,,,,official_reference_reset_unresolved_cause,common_stock,1997-08-01,False,
2364,2012-10-29,2.6,2.6,0.0,2012-10-15,2.08,14.0,0.25,0.25,2.6,0.25,0.0,1925,2012-10-29,capital_reduction,TWTAUU,2.08,2.79,1.3413461538461537,False,capital_reduction_actual_share_ratio_missing,matched_corporate_action,common_stock,1997-08-11,False,True
2365,2008-07-17,31.75,31.3,0.0,2008-07-16,39.2,1.0,-0.201530612244898,-0.19005102040816335,31.3,-0.201530612244898,0.0,860,2008-07-17,ex_right_dividend,TWT49U,39.2,30.83,0.7864795918367345,True,,matched_corporate_action,common_stock,1997-11-03,True,True
2371,2011-04-11,16.3,16.5,0.0,2011-03-23,6.75,19.0,1.4444444444444446,1.414814814814815,16.5,1.4444444444444446,0.0,1536,2011-04-11,capital_reduction,TWTAUU,6.75,16.02,2.373333333333333,False,capital_reduction_actual_share_ratio_missing,matched_corporate_action,common_stock,1962-02-09,False,True
2375,2010-11-16,9.93,9.93,0.0,2010-10-28,5.63,19.0,0.763765541740675,0.763765541740675,9.93,0.763765541740675,0.0,1439,,,,,,,,,official_reference_reset_unresolved_cause,common_stock,1998-08-29,False,
2375,2013-10-11,10.3,9.29,0.0,2013-09-26,6.86,15.0,0.35422740524781315,0.5014577259475219,9.29,0.35422740524781315,0.0,2144,2013-10-11,capital_reduction,TWTAUU,6.86,9.71,1.4154518950437318,False,capital_reduction_actual_share_ratio_missing,matched_corporate_action,common_stock,1998-08-29,False,True
2379,2007-06-25,187.0,187.0,0.0,2007-06-11,92.5,14.0,1.0216216216216214,1.0216216216216214,187.0,1.0216216216216214,0.0,599,,,,,,,,,official_reference_reset_unresolved_cause,common_stock,1998-10-26,False,
2381,2008-12-29,3.06,2.96,0.0,2008-12-16,1.8,13.0,0.6444444444444444,0.7,2.96,0.6444444444444444,0.0,976,,,,,,,,,official_reference_reset_unresolved_cause,common_stock,,False,
2388,2009-09-21,30.2,30.2,0.0,2009-09-01,11.3,20.0,1.6725663716814156,1.6725663716814156,30.2,1.6725663716814156,0.0,1148,,,,,,,,,official_reference_reset_unresolved_cause,common_stock,1999-03-05,False,
2388,2012-10-04,22.0,19.95,0.0,2012-09-20,10.7,14.0,0.8644859813084114,1.0560747663551404,19.95,0.8644859813084114,0.0,1896,2012-10-04,capital_reduction,TWTAUU,10.7,21.4,2.0,False,capital_reduction_actual_share_ratio_missing,matched_corporate_action,common_stock,1999-03-05,False,True
2401,2007-03-26,83.0,83.0,0.0,2007-03-14,43.85,12.0,0.8928164196123147,0.8928164196123147,83.0,0.8928164196123147,0.0,539,,,,,,,,,official_reference_reset_unresolved_cause,common_stock,2000-01-27,False,
2406,2009-09-30,16.75,16.75,0.0,2009-09-10,9.4,20.0,0.7819148936170213,0.7819148936170213,16.75,0.7819148936170213,0.0,1155,,,,,,,,,official_reference_reset_unresolved_cause,common_stock,2000-04-29,False,
2408,2009-08-26,17.0,16.5,0.0,2009-08-12,5.95,14.0,1.773109243697479,1.8571428571428572,16.5,1.773109243697479,0.0,1134,,,,,,,,,official_reference_reset_unresolved_cause,common_stock,2000-08-17,False,
2408,2014-09-09,80.5,75.5,0.0,2014-08-25,8.1,15.0,8.320987654320987,8.938271604938272,75.5,8.320987654320987,0.0,2371,2014-09-09,capital_reduction,TWTAUU,8.1,80.93,9.99135802469136,False,capital_reduction_actual_share_ratio_missing,matched_corporate_action,common_stock,2000-08-17,False,True
2412,2008-10-17,47.2,47.05,0.0,2008-10-16,63.1,1.0,-0.2543581616481776,-0.25198098256735335,47.05,-0.2543581616481776,0.0,921,2008-10-17,ex_right_dividend,TWT49U,63.1,48.48,0.7683042789223454,False,official_free_share_terms_missing,matched_corporate_action,common_stock,2000-10-27,False,True
2412,2011-01-25,90.4,89.2,0.0,2011-01-06,73.1,19.0,0.2202462380300958,0.23666210670314647,89.2,0.2202462380300958,0.0,1452,2011-01-25,capital_reduction,TWTAUU,73.1,88.87,1.215731874145007,False,capital_refund_and_exchange_ratio_missing,matched_corporate_action,common_stock,2000-10-27,False,True
2424,2007-03-26,9.19,9.19,0.0,2007-03-06,6.55,20.0,0.40305343511450387,0.40305343511450387,9.19,0.40305343511450387,0.0,533,,,,,,,,,official_reference_reset_unresolved_cause,common_stock,2000-09-11,False,
2424,2008-09-02,7.31,7.31,0.0,2008-08-13,3.8,20.0,0.9236842105263159,0.9236842105263159,7.31,0.9236842105263159,0.0,876,,,,,,,,,official_reference_reset_unresolved_cause,common_stock,2000-09-11,False,
2424,2011-04-15,22.15,20.6,0.0,2011-03-30,16.6,16.0,0.24096385542168663,0.3343373493975901,20.6,0.24096385542168663,0.0,1514,2011-04-15,capital_reduction,TWTAUU,16.6,22.13,1.3331325301204817,False,capital_reduction_actual_share_ratio_missing,matched_corporate_action,common_stock,2000-09-11,False,True
2425,2006-04-21,7.13,7.13,0.0,2006-03-31,4.22,21.0,0.68957345971564,0.68957345971564,7.13,0.68957345971564,0.0,306,,,,,,,,,official_reference_reset_unresolved_cause,common_stock,2000-09-11,False,
2425,2008-11-10,3.3,3.1,0.0,2008-10-28,1.96,13.0,0.5816326530612246,0.6836734693877551,3.1,0.5816326530612246,0.0,928,,,,,,,,,official_reference_reset_unresolved_cause,common_stock,2000-09-11,False,
2425,2011-12-30,16.2,16.2,0.0,2011-12-15,10.5,15.0,0.5428571428571427,0.5428571428571427,16.2,0.5428571428571427,0.0,1700,2011-12-30,capital_reduction,TWTAUU,10.5,15.17,1.4447619047619047,False,capital_reduction_actual_share_ratio_missing,matched_corporate_action,common_stock,2000-09-11,False,True
2425,2012-10-08,48.4,47.0,0.0,2012-09-25,35.95,13.0,0.3073713490959664,0.34631432545201646,47.0,0.3073713490959664,0.0,1881,2012-10-08,capital_reduction,TWTAUU,35.95,45.27,1.259248956884562,False,capital_reduction_actual_share_ratio_missing,matched_corporate_action,common_stock,2000-09-11,False,True
2426,2014-11-03,10.95,10.95,0.0,2014-10-17,6.81,17.0,0.6079295154185023,0.6079295154185023,10.95,0.6079295154185023,0.0,2417,2014-11-03,capital_reduction,TWTAUU,6.81,10.27,1.5080763582966226,False,capital_reduction_actual_share_ratio_missing,matched_corporate_action,common_stock,2000-09-11,False,True
2429,2006-04-24,4.79,4.49,0.0,2006-04-03,2.01,21.0,1.2338308457711444,1.383084577114428,4.49,1.2338308457711444,0.0,307,,,,,,,,,official_reference_reset_unresolved_cause,common_stock,2000-09-11,False,
2429,2008-07-31,5.25,5.25,0.0,2008-07-11,1.58,20.0,2.3227848101265822,2.3227848101265822,5.25,2.3227848101265822,0.0,738,,,,,,,,,official_reference_reset_unresolved_cause,common_stock,2000-09-11,False,
2429,2009-01-15,3.2,3.2,0.0,2008-09-09,4.86,128.0,-0.34156378600823045,-0.34156378600823045,3.2,-0.34156378600823045,0.0,741,,,,,,,,,official_reference_reset_unresolved_cause,common_stock,2000-09-11,False,
2429,2010-03-26,22.3,22.3,0.0,2010-03-10,6.9,16.0,2.2318840579710146,2.2318840579710146,22.3,2.2318840579710146,0.0,879,,,,,,,,,official_reference_reset_unresolved_cause,common_stock,2000-09-11,False,
2429,2011-04-19,7.18,7.18,0.0,2011-02-10,10.3,68.0,-0.30291262135922337,-0.30291262135922337,7.18,-0.30291262135922337,0.0,976,,,,,,,,,official_reference_reset_unresolved_cause,common_stock,2000-09-11,False,
2429,2012-01-12,5.19,5.19,0.0,2011-11-08,7.62,65.0,-0.3188976377952756,-0.3188976377952756,5.19,-0.3188976377952756,0.0,1040,,,,,,,,,official_reference_reset_unresolved_cause,common_stock,2000-09-11,False,
2429,2012-10-12,6.4,6.4,0.0,2012-10-02,10.6,10.0,-0.39622641509433953,-0.39622641509433953,6.4,-0.39622641509433953,0.0,1059,,,,,,,,,official_reference_reset_unresolved_cause,common_stock,2000-09-11,False,
2429,2013-03-13,44.0,44.0,0.0,2013-02-26,6.98,15.0,5.303724928366762,5.303724928366762,44.0,5.303724928366762,0.0,1113,2013-03-13,capital_reduction,TWTAUU,6.98,43.62,6.249283667621776,False,capital_reduction_actual_share_ratio_missing,matched_corporate_action,common_stock,2000-09-11,False,True
2430,2008-07-16,27.9,27.5,0.0,2008-07-15,36.5,1.0,-0.2465753424657534,-0.23561643835616441,27.5,-0.2465753424657534,0.0,869,2008-07-16,ex_right,TWT49U,36.5,27.96,0.766027397260274,True,,matched_corporate_action,common_stock,2000-09-11,True,True
2437,2006-10-31,33.05,29.3,0.0,2006-10-12,17.4,19.0,0.6839080459770117,0.8994252873563218,29.3,0.6839080459770117,0.0,439,,,,,,,,,official_reference_reset_unresolved_cause,common_stock,,False,
2438,2010-12-07,3.48,3.99,0.0,2010-11-19,1.12,18.0,2.5625,2.1071428571428568,3.99,2.5625,0.0,1455,,,,,,,,,official_reference_reset_unresolved_cause,common_stock,2000-09-11,False,
2438,2012-11-26,4.24,3.95,0.0,2012-11-13,1.66,13.0,1.379518072289157,1.5542168674698797,3.95,1.379518072289157,0.0,1919,2012-11-26,capital_reduction,TWTAUU,1.66,4.24,2.5542168674698797,False,capital_reduction_actual_share_ratio_missing,matched_corporate_action,common_stock,2000-09-11,False,True
2440,2006-11-13,5.59,5.29,0.0,2006-10-24,3.75,20.0,0.41066666666666674,0.4906666666666666,5.29,0.41066666666666674,0.0,435,,,,,,,,,official_reference_reset_unresolved_cause,common_stock,2000-11-10,False,
2440,2007-11-01,17.4,16.05,0.0,2007-10-17,11.8,15.0,0.36016949152542366,0.4745762711864405,16.05,0.36016949152542366,0.0,660,,,,,,,,,official_reference_reset_unresolved_cause,common_stock,2000-11-10,False,
2440,2009-10-06,9.33,9.33,0.0,2009-09-16,6.58,20.0,0.4179331306990881,0.4179331306990881,9.33,0.4179331306990881,0.0,1124,,,,,,,,,official_reference_reset_unresolved_cause,common_stock,2000-11-10,False,
2442,2009-03-20,6.55,6.55,0.0,2009-03-02,3.84,18.0,0.7057291666666667,0.7057291666666667,6.55,0.7057291666666667,0.0,1021,,,,,,,,,official_reference_reset_unresolved_cause,common_stock,2000-11-22,False,
2443,2009-10-02,5.4,5.4,0.0,2009-09-14,4.05,18.0,0.3333333333333335,0.3333333333333335,5.4,0.3333333333333335,0.0,1157,,,,,,,,,official_reference_reset_unresolved_cause,common_stock,,False,
2443,2013-10-17,6.4,6.0,0.0,2013-10-02,2.6,15.0,1.3076923076923075,1.4615384615384617,6.0,1.3076923076923075,0.0,2147,2013-10-17,capital_reduction,TWTAUU,2.6,6.31,2.4269230769230767,False,capital_reduction_actual_share_ratio_missing,matched_corporate_action,common_stock,,False,True
2444,2007-12-03,19.3,20.0,0.0,2007-11-16,16.0,17.0,0.25,0.20625000000000004,20.0,0.25,0.0,707,,,,,,,,,official_reference_reset_unresolved_cause,common_stock,2000-12-08,False,
2444,2014-11-04,15.0,15.0,0.0,2014-10-22,8.89,13.0,0.6872890888638918,0.6872890888638918,15.0,0.6872890888638918,0.0,2410,2014-11-04,capital_reduction,TWTAUU,8.89,14.05,1.5804274465691788,False,capital_reduction_actual_share_ratio_missing,matched_corporate_action,common_stock,2000-12-08,False,True
2457,2010-10-21,61.8,59.4,0.0,2010-10-01,47.9,20.0,0.24008350730688943,0.29018789144050094,59.4,0.24008350730688943,0.0,1420,,,,,,,,,official_reference_reset_unresolved_cause,common_stock,2001-09-17,False,
2465,2007-12-13,17.45,16.3,0.0,2007-11-23,12.25,20.0,0.33061224489795915,0.42448979591836733,16.3,0.33061224489795915,0.0,712,,,,,,,,,official_reference_reset_unresolved_cause,common_stock,2001-09-19,False,
2465,2011-10-25,5.76,5.76,0.0,2011-10-07,3.78,18.0,0.5238095238095237,0.5238095238095237,5.76,0.5238095238095237,0.0,1660,2011-10-25,capital_reduction,TWTAUU,3.78,5.39,1.4259259259259258,False,capital_reduction_actual_share_ratio_missing,matched_corporate_action,common_stock,2001-09-19,False,True
2474,2005-08-10,244.0,222.0,0.0,2005-08-09,325.0,1.0,-0.316923076923077,-0.24923076923076926,222.0,-0.316923076923077,0.0,147,2005-08-10,ex_right_dividend,TWT49U,325.0,234.32,0.7209846153846153,True,,matched_corporate_action,common_stock,2001-09-17,True,True
2474,2006-08-22,259.0,270.0,0.0,2006-08-21,365.5,1.0,-0.26128590971272225,-0.2913816689466484,270.0,-0.26128590971272225,0.0,404,2006-08-22,ex_right_dividend,TWT49U,365.5,258.69,0.7077701778385773,True,,matched_corporate_action,common_stock,2001-09-17,True,True
2474,2007-09-10,207.0,219.0,0.0,2007-09-07,276.0,3.0,-0.2065217391304348,-0.25,219.0,-0.2065217391304348,0.0,661,2007-09-10,ex_right_dividend,TWT49U,276.0,208.81,0.7565579710144927,True,,matched_corporate_action,common_stock,2001-09-17,True,True
2475,2010-08-31,4.95,4.95,0.0,2010-08-17,2.1,14.0,1.3571428571428572,1.3571428571428572,4.95,1.3571428571428572,0.0,1388,,,,,,,,,official_reference_reset_unresolved_cause,common_stock,,False,
2477,2014-08-18,14.45,14.45,0.0,2014-08-15,18.5,3.0,-0.2189189189189189,-0.2189189189189189,14.45,-0.2189189189189189,0.0,2365,2014-08-18,ex_dividend,TWT49U,18.5,15.5,0.8378378378378378,True,,matched_corporate_action,common_stock,2001-09-17,True,True
2479,2006-05-15,1.68,1.68,0.0,2006-05-04,2.22,11.0,-0.2432432432432433,-0.2432432432432433,1.68,-0.2432432432432433,0.0,328,,,,,,,,,official_reference_reset_unresolved_cause,common_stock,,False,
2479,2007-04-30,9.45,9.45,0.0,2007-04-13,1.78,17.0,4.308988764044943,4.308988764044943,9.45,4.308988764044943,0.0,552,,,,,,,,,official_reference_reset_unresolved_cause,common_stock,,False,
2491,2006-09-08,3.1,3.1,0.0,2006-08-21,1.21,18.0,1.5619834710743805,1.5619834710743805,3.1,1.5619834710743805,0.0,288,,,,,,,,,official_reference_reset_unresolved_cause,common_stock,2001-09-19,False,
2491,2009-11-16,6.48,6.03,0.0,2009-10-27,4.42,20.0,0.3642533936651584,0.4660633484162897,6.03,0.3642533936651584,0.0,918,,,,,,,,,official_reference_reset_unresolved_cause,common_stock,2001-09-19,False,
2491,2010-11-18,5.26,5.26,0.0,2010-10-29,2.06,20.0,1.553398058252427,1.553398058252427,5.26,1.553398058252427,0.0,1157,,,,,,,,,official_reference_reset_unresolved_cause,common_stock,2001-09-19,False,
2491,2012-10-08,3.39,2.95,0.0,2012-09-21,1.64,17.0,0.7987804878048783,1.0670731707317076,2.95,0.7987804878048783,0.0,1614,2012-10-08,capital_reduction,TWTAUU,1.64,3.17,1.9329268292682928,False,capital_reduction_actual_share_ratio_missing,matched_corporate_action,common_stock,2001-09-19,False,True
2494,2006-09-11,11.35,11.35,0.0,2006-08-23,1.68,19.0,5.755952380952381,5.755952380952381,11.35,5.755952380952381,0.0,342,,,,,,,,,official_reference_reset_unresolved_cause,common_stock,,False,
2494,2007-09-14,6.69,6.69,0.0,2007-09-04,8.93,10.0,-0.2508398656215005,-0.2508398656215005,6.69,-0.2508398656215005,0.0,582,,,,,,,,,official_reference_reset_unresolved_cause,common_stock,,False,
2494,2008-09-17,3.49,3.49,0.0,2008-06-27,5.0,82.0,-0.30199999999999994,-0.30199999999999994,3.49,-0.30199999999999994,0.0,674,,,,,,,,,official_reference_reset_unresolved_cause,common_stock,,False,
2494,2008-10-22,1.81,1.81,0.0,2008-09-17,3.49,35.0,-0.48137535816618915,-0.48137535816618915,1.81,-0.48137535816618915,0.0,675,,,,,,,,,official_reference_reset_unresolved_cause,common_stock,,False,
2495,2005-08-25,56.8,57.6,0.0,2005-08-24,72.4,1.0,-0.20441988950276246,-0.21546961325966862,57.6,-0.20441988950276246,0.0,158,2005-08-25,ex_right_dividend,TWT49U,72.4,56.38,0.7787292817679557,True,,matched_corporate_action,common_stock,2002-03-25,True,True
2496,2010-04-22,20.85,20.85,0.0,2010-04-01,2.97,21.0,6.02020202020202,6.02020202020202,20.85,6.02020202020202,0.0,1086,,,,,,,,,official_reference_reset_unresolved_cause,common_stock,2002-03-08,False,
2498,2007-08-14,432.0,433.0,0.0,2007-08-13,566.0,1.0,-0.23498233215547704,-0.23674911660777387,433.0,-0.23498233215547704,0.0,642,2007-08-14,ex_right_dividend,TWT49U,566.0,407.2,0.719434628975265,True,,matched_corporate_action,common_stock,2002-03-26,True,True
2498,2008-07-15,504.0,485.0,0.0,2008-07-14,685.0,1.0,-0.291970802919708,-0.2642335766423358,485.0,-0.291970802919708,0.0,868,2008-07-15,ex_right_dividend,TWT49U,685.0,494.06,0.7212554744525548,True,,matched_corporate_action,common_stock,2002-03-26,True,True
2506,2011-11-25,9.73,9.73,0.0,2011-11-09,5.7,16.0,0.7070175438596491,0.7070175438596491,9.73,0.7070175438596491,0.0,1695,2011-11-25,capital_reduction,TWTAUU,5.7,10.46,1.8350877192982458,False,capital_reduction_actual_share_ratio_missing,matched_corporate_action,common_stock,1980-02-02,False,True
2516,2007-01-12,9.05,9.05,0.0,2006-12-25,5.74,18.0,0.5766550522648084,0.5766550522648084,9.05,0.5766550522648084,0.0,491,,,,,,,,,official_reference_reset_unresolved_cause,common_stock,1993-05-25,False,
2524,2005-08-03,32.45,32.45,0.0,2005-08-02,45.6,1.0,-0.2883771929824561,-0.2883771929824561,32.45,-0.2883771929824561,0.0,143,2005-08-03,ex_right,TWT49U,45.6,30.33,0.6651315789473684,True,,matched_corporate_action,common_stock,1994-10-18,True,True
2527,2006-02-27,6.5,6.07,0.0,2006-02-08,3.75,19.0,0.6186666666666667,0.7333333333333334,6.07,0.6186666666666667,0.0,270,,,,,,,,,official_reference_reset_unresolved_cause,common_stock,1995-03-06,False,
2528,2006-03-31,2.1,2.24,0.0,2006-02-23,0.52,36.0,3.3076923076923084,3.0384615384615383,2.24,3.3076923076923084,0.0,188,,,,,,,,,official_reference_reset_unresolved_cause,common_stock,1995-03-10,False,
2528,2010-08-27,20.3,19.0,0.0,2010-08-11,3.8,16.0,4.0,4.342105263157896,19.0,4.0,0.0,1066,,,,,,,,,official_reference_reset_unresolved_cause,common_stock,1995-03-10,False,
2530,2009-10-07,11.55,11.55,0.0,2009-09-17,8.39,20.0,0.37663885578069123,0.37663885578069123,11.55,0.37663885578069123,0.0,1160,,,,,,,,,official_reference_reset_unresolved_cause,common_stock,1995-10-12,False,
2534,2008-07-29,22.6,21.4,0.0,2008-07-25,26.8,4.0,-0.20149253731343286,-0.15671641791044777,21.4,-0.20149253731343286,0.0,877,2008-07-29,ex_dividend,TWT49U,26.8,22.8,0.8507462686567164,True,,matched_corporate_action,common_stock,1996-02-12,True,True
2537,2006-01-16,3.2,3.2,0.0,2006-01-02,1.85,14.0,0.7297297297297298,0.7297297297297298,3.2,0.7297297297297298,0.0,247,,,,,,,,,official_reference_reset_unresolved_cause,common_stock,1996-09-06,False,
2537,2006-10-20,7.55,6.58,0.0,2006-10-02,2.76,18.0,1.3840579710144931,1.7355072463768115,6.58,1.3840579710144931,0.0,421,,,,,,,,,official_reference_reset_unresolved_cause,common_stock,1996-09-06,False,
2539,2008-03-26,24.85,24.85,0.0,2008-03-06,6.4,20.0,2.8828125,2.8828125,24.85,2.8828125,0.0,432,,,,,,,,,official_reference_reset_unresolved_cause,common_stock,1997-07-16,False,
2539,2009-01-07,11.35,11.35,0.0,2008-09-02,17.4,127.0,-0.3477011494252873,-0.3477011494252873,11.35,-0.3477011494252873,0.0,449,,,,,,,,,official_reference_reset_unresolved_cause,common_stock,1997-07-16,False,
2540,2005-02-18,4.69,4.69,0.0,2005-01-14,0.46,35.0,9.195652173913043,9.195652173913043,4.69,9.195652173913043,0.0,11,,,,,,,,,official_reference_reset_unresolved_cause,common_stock,1989-12-26,False,
2540,2008-03-03,10.7,10.7,0.0,2008-02-12,1.16,20.0,8.224137931034482,8.224137931034482,10.7,8.224137931034482,0.0,670,,,,,,,,,official_reference_reset_unresolved_cause,common_stock,1989-12-26,False,
2540,2011-05-16,5.77,5.77,0.0,2011-03-28,8.9,49.0,-0.35168539325842707,-0.35168539325842707,5.77,-0.35168539325842707,0.0,923,,,,,,,,,official_reference_reset_unresolved_cause,common_stock,1989-12-26,False,
2540,2012-02-06,5.54,5.54,-6.8908,2011-11-18,7.7,80.0,-0.2805194805194805,-0.2805194805194805,5.950002792420083,-0.2272723646207685,-0.06890799999999997,940,,,,,,,,,official_reference_reset_unresolved_cause,common_stock,1989-12-26,False,
2542,2006-07-07,47.0,43.25,0.0,2006-07-06,55.3,1.0,-0.2179023508137432,-0.15009041591320071,43.25,-0.2179023508137432,0.0,372,2006-07-07,ex_right_dividend,TWT49U,55.3,46.5,0.840867992766727,True,,matched_corporate_action,common_stock,1999-05-03,True,True
2542,2007-08-09,41.95,42.75,0.0,2007-08-08,56.9,1.0,-0.24868189806678376,-0.26274165202108957,42.75,-0.24868189806678376,0.0,639,2007-08-09,ex_right_dividend,TWT49U,56.9,39.97,0.7024604569420035,True,,matched_corporate_action,common_stock,1999-05-03,True,True
2542,2012-11-12,54.2,54.2,0.0,2012-10-29,42.55,14.0,0.2737955346651,0.2737955346651,54.2,0.2737955346651,0.0,1935,2012-11-12,capital_reduction,TWTAUU,42.55,50.68,1.191069330199765,False,capital_refund_and_exchange_ratio_missing,matched_corporate_action,common_stock,1999-05-03,False,True
2542,2014-08-21,48.4,50.7,0.0,2014-08-20,73.1,1.0,-0.3064295485636114,-0.3378932968536251,50.7,-0.3064295485636114,0.0,2368,2014-08-21,ex_right_dividend,TWT49U,73.1,47.4,0.6484268125854994,True,,matched_corporate_action,common_stock,1999-05-03,True,True
2544,2005-02-21,7.2,7.2,0.0,2005-01-19,5.0,33.0,0.43999999999999995,0.43999999999999995,7.2,0.43999999999999995,0.0,14,,,,,,,,,official_reference_reset_unresolved_cause,common_stock,,False,
2545,2008-09-15,23.45,22.2,0.0,2008-09-12,32.0,3.0,-0.30625,-0.2671875,22.2,-0.30625,0.0,911,2008-09-15,ex_right_dividend,TWT49U,32.0,23.84,0.745,True,,matched_corporate_action,common_stock,2000-09-11,True,True
2548,2007-07-30,69.7,66.2,0.0,2007-07-27,85.3,3.0,-0.22391559202813593,-0.18288393903868694,66.2,-0.22391559202813593,0.0,631,2007-07-30,ex_right_dividend,TWT49U,85.3,69.72,0.8173505275498242,True,,matched_corporate_action,common_stock,2002-08-26,True,True
2548,2008-09-05,52.3,52.6,0.0,2008-09-04,70.4,1.0,-0.25284090909090917,-0.2571022727272728,52.6,-0.25284090909090917,0.0,905,2008-09-05,ex_right_dividend,TWT49U,70.4,56.19,0.798153409090909,True,,matched_corporate_action,common_stock,2002-08-26,True,True
2605,2006-08-18,35.0,34.05,0.0,2006-08-17,43.65,1.0,-0.21993127147766323,-0.19816723940435277,34.05,-0.21993127147766323,0.0,402,2006-08-18,ex_right_dividend,TWT49U,43.65,33.7,0.7720504009163804,True,,matched_corporate_action,common_stock,1989-12-08,True,True
2606,2005-07-27,37.6,37.35,0.0,2005-07-26,48.5,1.0,-0.2298969072164948,-0.2247422680412371,37.35,-0.2298969072164948,0.0,138,2005-07-27,ex_right_dividend,TWT49U,48.5,37.08,0.7645360824742268,True,,matched_corporate_action,common_stock,1990-12-08,True,True
2610,2009-09-15,11.95,11.95,0.0,2009-08-26,7.75,20.0,0.5419354838709676,0.5419354838709676,11.95,0.5419354838709676,0.0,1144,,,,,,,,,official_reference_reset_unresolved_cause,common_stock,1993-02-26,False,
2614,2013-11-12,10.55,10.55,0.0,2013-10-30,4.85,13.0,1.1752577319587632,1.1752577319587632,10.55,1.1752577319587632,0.0,2179,2013-11-12,capital_reduction,TWTAUU,4.85,9.88,2.037113402061856,False,capital_reduction_actual_share_ratio_missing,matched_corporate_action,common_stock,1995-09-23,False,True
2618,2009-09-18,14.05,14.05,0.0,2009-08-31,7.56,18.0,0.8584656084656086,0.8584656084656086,14.05,0.8584656084656086,0.0,1147,,,,,,,,,official_reference_reset_unresolved_cause,common_stock,2001-09-17,False,
2634,2014-08-26,30.1,38.5,28.3333,2014-08-25,30.0,1.0,0.28333333333333344,0.0033333333333334103,30.000007792209814,2.5974032724640495e-07,0.28333300000000006,2,,,,,,,,,new_listing_price_discovery,common_stock,2014-08-25,False,
2707,2007-02-02,387.5,387.5,0.0,2007-01-19,108.0,14.0,2.587962962962963,2.587962962962963,387.5,2.587962962962963,0.0,508,,,,,,,,,official_reference_reset_unresolved_cause,common_stock,1998-03-09,False,
2811,2006-12-11,0.95,0.95,0.0,2006-11-22,0.77,19.0,0.23376623376623362,0.23376623376623362,0.95,0.23376623376623362,0.0,468,,,,,,,,,official_reference_reset_unresolved_cause,common_stock,,False,
2812,2007-04-20,12.75,12.75,0.0,2007-02-27,7.88,52.0,0.618020304568528,0.618020304568528,12.75,0.618020304568528,0.0,529,,,,,,,,,official_reference_reset_unresolved_cause,common_stock,1984-05-15,False,
2816,2007-10-30,28.6,24.9,0.0,2007-10-09,2.28,21.0,9.921052631578947,11.543859649122808,24.9,9.921052631578947,0.0,680,,,,,,,,,official_reference_reset_unresolved_cause,common_stock,1992-05-05,False,
2816,2009-11-04,37.3,34.1,0.0,2009-10-15,27.15,20.0,0.2559852670349909,0.37384898710865566,34.1,0.2559852670349909,0.0,1157,,,,,,,,,official_reference_reset_unresolved_cause,common_stock,1992-05-05,False,
2816,2012-10-30,14.5,14.0,0.0,2012-10-17,11.55,13.0,0.21212121212121215,0.2554112554112553,14.0,0.21212121212121215,0.0,1891,2012-10-30,capital_reduction,TWTAUU,11.55,15.01,1.2995670995670994,False,capital_reduction_actual_share_ratio_missing,matched_corporate_action,common_stock,1992-05-05,False,True
2827,2006-09-29,6.12,6.12,0.0,2006-09-11,1.18,18.0,4.186440677966102,4.186440677966102,6.12,4.186440677966102,0.0,414,,,,,,,,,official_reference_reset_unresolved_cause,common_stock,,False,
2834,2006-10-11,10.15,10.15,0.0,2006-09-18,6.39,23.0,0.5884194053208138,0.5884194053208138,10.15,0.5884194053208138,0.0,424,,,,,,,,,official_reference_reset_unresolved_cause,common_stock,1998-01-03,False,
2837,2007-12-21,3.33,3.33,0.0,2007-12-05,2.5,16.0,0.3320000000000001,0.3320000000000001,3.33,0.3320000000000001,0.0,720,,,,,,,,,official_reference_reset_unresolved_cause,common_stock,,False,
2837,2008-09-12,5.25,5.25,0.0,2008-08-27,1.86,16.0,1.82258064516129,1.82258064516129,5.25,1.82258064516129,0.0,888,,,,,,,,,official_reference_reset_unresolved_cause,common_stock,,False,
2837,2010-01-28,9.51,9.51,0.0,2010-01-13,4.67,15.0,1.0364025695931476,1.0364025695931476,9.51,1.0364025695931476,0.0,1219,,,,,,,,,official_reference_reset_unresolved_cause,common_stock,,False,
2837,2013-03-01,20.5,20.2,0.0,2013-02-19,11.6,10.0,0.7413793103448276,0.767241379310345,20.2,0.7413793103448276,0.0,1973,2013-03-01,capital_reduction,TWTAUU,11.6,21.69,1.8698275862068967,False,capital_reduction_actual_share_ratio_missing,matched_corporate_action,common_stock,,False,True
2838,2010-07-13,8.32,8.32,0.0,2010-06-25,5.89,18.0,0.41256366723259785,0.41256366723259785,8.32,0.41256366723259785,0.0,1351,,,,,,,,,official_reference_reset_unresolved_cause,common_stock,1998-06-29,False,
2845,2009-09-11,9.19,9.19,0.0,2009-08-24,7.1,18.0,0.29436619718309864,0.29436619718309864,9.19,0.29436619718309864,0.0,1142,,,,,,,,,official_reference_reset_unresolved_cause,common_stock,1998-11-27,False,
2847,2010-11-30,9.4,9.65,0.0,2010-11-10,7.6,20.0,0.2697368421052633,0.23684210526315796,9.65,0.2697368421052633,0.0,1448,,,,,,,,,official_reference_reset_unresolved_cause,common_stock,,False,
2849,2008-09-10,11.75,11.45,0.0,2008-08-21,5.49,20.0,1.0856102003642984,1.140255009107468,11.45,1.0856102003642984,0.0,895,,,,,,,,,official_reference_reset_unresolved_cause,common_stock,1999-09-27,False,
2904,2007-08-22,9.71,9.62,0.0,2007-08-02,3.18,20.0,2.025157232704402,2.0534591194968557,9.62,2.025157232704402,0.0,594,,,,,,,,,official_reference_reset_unresolved_cause,common_stock,1983-01-05,False,
2913,2005-11-21,5.92,5.92,0.0,2005-10-19,3.99,33.0,0.4837092731829573,0.4837092731829573,5.92,0.4837092731829573,0.0,196,,,,,,,,,official_reference_reset_unresolved_cause,common_stock,1962-02-09,False,
2913,2009-09-30,22.0,21.45,0.0,2009-09-14,13.7,16.0,0.5656934306569343,0.6058394160583942,21.45,0.5656934306569343,0.0,1135,,,,,,,,,official_reference_reset_unresolved_cause,common_stock,1962-02-09,False,
3004,2008-10-14,14.0,14.0,0.0,2008-09-08,1.56,36.0,7.9743589743589745,7.9743589743589745,14.0,7.9743589743589745,0.0,869,,,,,,,,,official_reference_reset_unresolved_cause,common_stock,2002-02-25,False,
3018,2008-12-17,5.77,5.77,0.0,2008-11-24,0.85,23.0,5.788235294117647,5.788235294117647,5.77,5.788235294117647,0.0,904,,,,,,,,,official_reference_reset_unresolved_cause,common_stock,2002-08-26,False,
3021,2006-10-13,12.1,12.1,0.0,2006-09-20,1.3,23.0,8.307692307692307,8.307692307692307,12.1,8.307692307692307,0.0,311,,,,,,,,,official_reference_reset_unresolved_cause,common_stock,2002-08-26,False,
3022,2012-10-25,38.5,37.4,0.0,2012-10-24,52.5,1.0,-0.28761904761904766,-0.2666666666666667,37.4,-0.28761904761904766,0.0,1932,2012-10-25,ex_right_dividend,TWT49U,52.5,38.07,0.7251428571428572,True,,matched_corporate_action,common_stock,2002-08-26,True,True
3023,2005-06-03,29.1,29.0,0.0,2005-06-02,37.3,1.0,-0.22252010723860582,-0.21983914209115274,29.0,-0.22252010723860582,0.0,101,2005-06-03,ex_right_dividend,TWT49U,37.3,29.28,0.7849865951742628,True,,matched_corporate_action,common_stock,2002-08-26,True,True
3026,2013-11-01,39.65,38.0,0.0,2013-10-17,28.95,15.0,0.31260794473229714,0.36960276338514686,38.0,0.31260794473229714,0.0,2170,2013-11-01,capital_reduction,TWTAUU,28.95,37.07,1.280483592400691,False,capital_refund_and_exchange_ratio_missing,matched_corporate_action,common_stock,2002-08-26,False,True
3045,2008-02-20,58.0,55.6,0.0,2008-01-31,46.0,20.0,0.20869565217391317,0.26086956521739135,55.6,0.20869565217391317,0.0,760,,,,,,,,,official_reference_reset_unresolved_cause,common_stock,2002-08-26,False,
3046,2007-02-14,17.9,16.75,0.0,2007-02-05,10.8,9.0,0.5509259259259258,0.6574074074074072,16.75,0.5509259259259258,0.0,520,,,,,,,,,official_reference_reset_unresolved_cause,common_stock,2002-08-26,False,
3046,2014-10-09,8.48,7.65,0.0,2014-09-24,5.6,15.0,0.3660714285714288,0.5142857142857145,7.65,0.3660714285714288,0.0,2395,2014-10-09,capital_reduction,TWTAUU,5.6,7.97,1.4232142857142858,False,capital_reduction_actual_share_ratio_missing,matched_corporate_action,common_stock,2002-08-26,False,True
3049,2008-10-13,8.95,8.95,0.0,2008-09-22,6.12,21.0,0.4624183006535947,0.4624183006535947,8.95,0.4624183006535947,0.0,917,,,,,,,,,official_reference_reset_unresolved_cause,common_stock,2002-09-27,False,
3051,2010-08-17,9.72,9.72,0.0,2010-07-28,4.87,20.0,0.9958932238193019,0.9958932238193019,9.72,0.9958932238193019,0.0,1374,,,,,,,,,official_reference_reset_unresolved_cause,common_stock,2002-10-28,False,
3053,2005-03-29,1.94,1.94,0.0,2005-03-10,2.56,19.0,-0.2421875,-0.2421875,1.94,-0.2421875,0.0,19,,,,,,,,,official_reference_reset_unresolved_cause,common_stock,,False,
3053,2005-05-27,1.0,1.0,0.0,2005-05-13,1.4,14.0,-0.2857142857142857,-0.2857142857142857,1.0,-0.2857142857142857,0.0,37,,,,,,,,,official_reference_reset_unresolved_cause,common_stock,,False,
3053,2005-10-05,0.73,0.65,0.0,2005-09-15,0.9,20.0,-0.2777777777777778,-0.18888888888888888,0.65,-0.2777777777777778,0.0,76,,,,,,,,,official_reference_reset_unresolved_cause,common_stock,,False,
3053,2006-03-30,2.55,2.55,0.0,2006-02-07,0.96,51.0,1.65625,1.65625,2.55,1.65625,0.0,126,,,,,,,,,official_reference_reset_unresolved_cause,common_stock,,False,
3053,2006-07-12,1.37,1.37,0.0,2006-05-18,2.08,55.0,-0.34134615384615385,-0.34134615384615385,1.37,-0.34134615384615385,0.0,149,,,,,,,,,official_reference_reset_unresolved_cause,common_stock,,False,
3053,2007-05-17,6.67,6.67,0.0,2007-04-26,2.09,21.0,2.1913875598086126,2.1913875598086126,6.67,2.1913875598086126,0.0,271,,,,,,,,,official_reference_reset_unresolved_cause,common_stock,,False,
3053,2007-08-31,5.05,5.05,0.0,2007-08-15,6.73,16.0,-0.24962852897474008,-0.24962852897474008,5.05,-0.24962852897474008,0.0,305,,,,,,,,,official_reference_reset_unresolved_cause,common_stock,,False,
3053,2007-09-26,3.52,3.52,0.0,2007-09-10,4.68,16.0,-0.24786324786324776,-0.24786324786324776,3.52,-0.24786324786324776,0.0,307,,,,,,,,,official_reference_reset_unresolved_cause,common_stock,,False,
3054,2006-04-07,22.5,20.2,0.0,2006-03-03,8.15,35.0,1.478527607361963,1.7607361963190185,20.2,1.478527607361963,0.0,286,,,,,,,,,official_reference_reset_unresolved_cause,common_stock,2002-11-18,False,
3056,2007-04-02,12.3,12.3,0.0,2007-03-13,5.95,20.0,1.0672268907563027,1.0672268907563027,12.3,1.0672268907563027,0.0,525,,,,,,,,,official_reference_reset_unresolved_cause,common_stock,2003-03-03,False,
3056,2008-11-11,4.02,4.02,0.0,2008-10-21,5.95,21.0,-0.32436974789915973,-0.32436974789915973,4.02,-0.32436974789915973,0.0,777,,,,,,,,,official_reference_reset_unresolved_cause,common_stock,2003-03-03,False,
3056,2009-03-13,9.52,9.52,0.0,2009-02-24,6.68,17.0,0.4251497005988023,0.4251497005988023,9.52,0.4251497005988023,0.0,800,,,,,,,,,official_reference_reset_unresolved_cause,common_stock,2003-03-03,False,
3090,2011-07-22,29.8,29.3,0.0,2011-07-21,36.9,1.0,-0.2059620596205961,-0.19241192411924113,29.3,-0.2059620596205961,0.0,882,2011-07-22,ex_right_dividend,TWT49U,36.9,29.82,0.8081300813008131,True,,matched_corporate_action,common_stock,2007-12-31,True,True
3094,2007-08-07,143.0,110.5,-21.3523,2007-08-06,140.5,1.0,-0.21352313167259784,0.017793594306049876,140.4999764773795,-1.6742078645659575e-07,-0.21352300000000002,2,,,,,,,,,new_listing_price_discovery,common_stock,2007-08-06,False,
3209,2011-08-04,30.1,28.7,0.0,2011-08-03,36.1,1.0,-0.20498614958448758,-0.16620498614958445,28.7,-0.20498614958448758,0.0,667,2011-08-04,ex_right_dividend,TWT49U,36.1,30.08,0.8332409972299168,True,,matched_corporate_action,common_stock,2008-11-26,True,True
3296,2008-09-12,22.5,20.6,0.0,2008-09-11,26.3,1.0,-0.21673003802281365,-0.14448669201520914,20.6,-0.21673003802281365,0.0,174,2008-09-12,ex_right_dividend,TWT49U,26.3,21.58,0.8205323193916348,True,,matched_corporate_action,common_stock,2007-12-31,True,True
3308,2008-09-30,20.1,20.1,-6.9444,2008-09-26,25.9,4.0,-0.22393822393822382,-0.22393822393822382,21.59998968358702,-0.16602356434026955,-0.06944400000000006,141,2008-09-29,ex_right_dividend,TWT49U,25.9,21.61,0.8343629343629344,True,,matched_corporate_action,common_stock,2008-03-12,True,True
3367,2006-07-18,90.6,88.6,0.0,2006-07-17,124.0,1.0,-0.28548387096774197,-0.26935483870967747,88.6,-0.28548387096774197,0.0,181,2006-07-18,ex_right_dividend,TWT49U,124.0,90.59,0.7305645161290323,False,official_free_share_terms_missing,matched_corporate_action,common_stock,,False,True
3383,2008-07-09,63.9,65.6,0.0,2008-07-08,88.7,1.0,-0.2604284103720407,-0.27959413754227735,65.6,-0.2604284103720407,0.0,143,2008-07-09,ex_right,TWT49U,88.7,61.31,0.691206313416009,False,official_free_share_terms_missing,matched_corporate_action,common_stock,,False,True
3514,2009-08-14,50.0,51.7,0.0,2009-08-13,67.7,1.0,-0.2363367799113737,-0.26144756277695724,51.7,-0.2363367799113737,0.0,440,2009-08-14,ex_right,TWT49U,67.7,48.35,0.7141802067946824,False,official_free_share_terms_missing,matched_corporate_action,common_stock,,False,True
3515,2008-08-04,103.0,100.0,0.0,2008-08-01,128.0,3.0,-0.21875,-0.1953125,100.0,-0.21875,0.0,182,2008-08-04,ex_right_dividend,TWT49U,128.0,105.26,0.82234375,True,,matched_corporate_action,common_stock,2007-11-08,True,True
3535,2009-07-21,21.2,21.6,0.0,2009-07-20,27.1,1.0,-0.20295202952029523,-0.21771217712177127,21.6,-0.20295202952029523,0.0,360,2009-07-21,ex_right_dividend,TWT49U,27.1,20.72,0.7645756457564575,True,,matched_corporate_action,common_stock,2008-01-31,True,True
3536,2011-10-20,9.97,8.67,0.0,2011-10-03,4.88,17.0,0.7766393442622952,1.043032786885246,8.67,0.7766393442622952,0.0,855,2011-10-20,capital_reduction,TWTAUU,4.88,9.32,1.9098360655737705,False,capital_reduction_actual_share_ratio_missing,matched_corporate_action,common_stock,,False,True
3557,2008-07-17,23.0,22.5,0.0,2008-07-16,31.7,1.0,-0.2902208201892744,-0.27444794952681384,22.5,-0.2902208201892744,0.0,99,2008-07-17,ex_right_dividend,TWT49U,31.7,21.53,0.6791798107255521,False,official_free_share_terms_missing,matched_corporate_action,common_stock,2008-02-27,False,True
3573,2010-07-30,145.5,147.0,0.0,2010-07-29,189.5,1.0,-0.22427440633245388,-0.23218997361477578,147.0,-0.22427440633245388,0.0,233,2010-07-30,ex_right_dividend,TWT49U,189.5,142.92,0.7541952506596306,False,cash_stock_value_split_missing,matched_corporate_action,common_stock,,False,True
3605,2010-09-15,73.7,72.1,0.0,2010-09-14,97.8,1.0,-0.26278118609406953,-0.24642126789366048,72.1,-0.26278118609406953,0.0,371,2010-09-15,ex_right_dividend,TWT49U,97.8,73.0,0.7464212678936606,True,,matched_corporate_action,common_stock,2009-03-26,True,True
3673,2012-06-28,363.0,364.5,0.0,2012-06-27,475.0,1.0,-0.2326315789473684,-0.23578947368421055,364.5,-0.2326315789473684,0.0,411,2012-06-28,ex_right_dividend,TWT49U,475.0,351.32,0.739621052631579,True,,matched_corporate_action,common_stock,2010-10-29,True,True
3701,2006-10-18,5.29,4.63,0.0,2006-10-02,1.9,16.0,1.4368421052631581,1.7842105263157895,4.63,1.4368421052631581,0.0,434,,,,,,,,,official_reference_reset_unresolved_cause,common_stock,2004-08-30,False,
3701,2007-10-18,13.0,12.0,0.0,2007-10-01,6.17,17.0,0.9448946515397083,1.1069692058346838,12.0,0.9448946515397083,0.0,666,,,,,,,,,official_reference_reset_unresolved_cause,common_stock,2004-08-30,False,
3701,2010-12-01,10.8,11.45,0.0,2010-11-12,4.05,19.0,1.8271604938271606,1.666666666666667,11.45,1.8271604938271606,0.0,1363,,,,,,,,,official_reference_reset_unresolved_cause,common_stock,2004-08-30,False,
4414,2009-11-06,6.77,6.22,0.0,2009-10-20,3.34,17.0,0.8622754491017963,1.0269461077844313,6.22,0.8622754491017963,0.0,1183,,,,,,,,,official_reference_reset_unresolved_cause,common_stock,2004-09-06,False,
4414,2010-12-09,8.38,8.88,0.0,2010-11-22,4.96,17.0,0.7903225806451615,0.6895161290322582,8.88,0.7903225806451615,0.0,1444,,,,,,,,,official_reference_reset_unresolved_cause,common_stock,2004-09-06,False,
4526,2005-07-26,34.5,33.5,0.0,2005-07-25,42.0,1.0,-0.20238095238095233,-0.1785714285714286,33.5,-0.20238095238095233,0.0,137,2005-07-26,ex_right_dividend,TWT49U,42.0,33.81,0.805,True,,matched_corporate_action,common_stock,2003-09-15,True,True
4904,2008-03-28,52.2,52.0,0.0,2008-03-10,41.8,18.0,0.2440191387559809,0.24880382775119636,52.0,0.2440191387559809,0.0,624,,,,,,,,,official_reference_reset_unresolved_cause,common_stock,2005-08-24,False,
4930,2014-11-26,23.2,22.75,0.0,2014-11-12,16.4,14.0,0.3871951219512195,0.41463414634146356,22.75,0.3871951219512195,0.0,1090,2014-11-26,capital_reduction,TWTAUU,16.4,22.8,1.3902439024390245,False,capital_refund_and_exchange_ratio_missing,matched_corporate_action,common_stock,2010-06-21,False,True
4994,2014-08-13,207.0,193.0,0.0,2014-08-12,257.0,1.0,-0.2490272373540856,-0.19455252918287935,193.0,-0.2490272373540856,0.0,154,2014-08-13,ex_right_dividend,TWT49U,257.0,204.8,0.796887159533074,True,,matched_corporate_action,common_stock,2013-12-25,True,True
5531,2005-08-10,31.05,31.05,0.0,2005-08-09,47.2,1.0,-0.3421610169491526,-0.3421610169491526,31.05,-0.3421610169491526,0.0,127,2005-08-10,ex_right,TWT49U,47.2,29.04,0.6152542372881356,True,,matched_corporate_action,common_stock,2005-01-31,True,True
5531,2006-08-03,41.6,41.7,0.0,2006-08-02,56.6,1.0,-0.26325088339222613,-0.26501766784452296,41.7,-0.26325088339222613,0.0,371,2006-08-03,ex_right,TWT49U,56.6,40.19,0.7100706713780918,True,,matched_corporate_action,common_stock,2005-01-31,True,True
5531,2007-08-10,78.1,82.0,0.0,2007-08-09,115.0,1.0,-0.28695652173913044,-0.3208695652173914,82.0,-0.28695652173913044,0.0,620,2007-08-10,ex_right,TWT49U,115.0,76.66,0.6666086956521738,True,,matched_corporate_action,common_stock,2005-01-31,True,True
5531,2008-09-05,23.65,24.8,0.0,2008-09-04,32.5,1.0,-0.2369230769230769,-0.27230769230769236,24.8,-0.2369230769230769,0.0,885,2008-09-05,ex_right_dividend,TWT49U,32.5,25.41,0.7818461538461539,True,,matched_corporate_action,common_stock,2005-01-31,True,True
5533,2008-05-23,29.2,27.05,0.0,2008-05-22,34.15,1.0,-0.2079062957540263,-0.14494875549048314,27.05,-0.2079062957540263,0.0,17,2008-05-23,ex_right_dividend,TWT49U,34.15,28.94,0.8474377745241582,True,,matched_corporate_action,common_stock,2008-04-30,True,True
5608,2005-06-07,30.0,30.5,0.0,2005-06-06,38.3,1.0,-0.20365535248041766,-0.216710182767624,30.5,-0.20365535248041766,0.0,103,2005-06-07,ex_right_dividend,TWT49U,38.3,28.97,0.7563968668407312,True,,matched_corporate_action,common_stock,2003-08-25,True,True
6116,2007-10-26,12.25,12.25,0.0,2007-10-09,9.49,17.0,0.29083245521601686,0.29083245521601686,12.25,0.29083245521601686,0.0,680,,,,,,,,,official_reference_reset_unresolved_cause,common_stock,2004-09-06,False,
6116,2012-09-27,3.56,3.15,0.0,2012-09-12,1.69,15.0,0.863905325443787,1.106508875739645,3.15,0.863905325443787,0.0,1892,2012-09-27,capital_reduction,TWTAUU,1.69,3.38,2.0,False,capital_reduction_actual_share_ratio_missing,matched_corporate_action,common_stock,2004-09-06,False,True
6131,2006-08-09,37.1,37.1,0.0,2006-08-08,46.65,1.0,-0.20471596998928188,-0.20471596998928188,37.1,-0.20471596998928188,0.0,395,2006-08-09,ex_right_dividend,TWT49U,46.65,36.26,0.7772775991425509,False,official_free_share_terms_missing,matched_corporate_action,common_stock,,False,True
6136,2005-08-01,22.9,21.5,0.0,2005-07-29,27.0,3.0,-0.20370370370370372,-0.1518518518518519,21.5,-0.20370370370370372,0.0,141,2005-08-01,ex_right_dividend,TWT49U,27.0,23.11,0.8559259259259259,True,,matched_corporate_action,common_stock,2003-08-25,True,True
6145,2013-01-30,22.0,21.6,0.0,2013-01-16,12.35,14.0,0.7489878542510122,0.7813765182186236,21.6,0.7489878542510122,0.0,1990,2013-01-30,capital_reduction,TWTAUU,12.35,20.58,1.6663967611336032,False,capital_reduction_actual_share_ratio_missing,matched_corporate_action,common_stock,,False,True
6172,2011-11-10,5.17,5.17,0.0,2011-10-24,2.99,17.0,0.7290969899665551,0.7290969899665551,5.17,0.7290969899665551,0.0,1680,2011-11-10,capital_reduction,TWTAUU,2.99,5.55,1.8561872909698995,False,capital_reduction_actual_share_ratio_missing,matched_corporate_action,common_stock,,False,True
6209,2005-07-25,78.4,77.6,0.0,2005-07-22,102.0,3.0,-0.23921568627450984,-0.2313725490196078,77.6,-0.23921568627450984,0.0,136,2005-07-25,ex_right_dividend,TWT49U,102.0,76.53,0.7502941176470589,True,,matched_corporate_action,common_stock,2004-11-08,True,True
6216,2005-09-22,29.8,30.05,0.0,2005-09-21,38.1,1.0,-0.21128608923884518,-0.21784776902887137,30.05,-0.21128608923884518,0.0,177,2005-09-22,ex_right_dividend,TWT49U,38.1,29.3,0.7690288713910761,True,,matched_corporate_action,common_stock,2004-09-27,True,True
6225,2007-11-29,27.25,27.25,0.0,2007-11-09,18.0,20.0,0.5138888888888888,0.5138888888888888,27.25,0.5138888888888888,0.0,702,,,,,,,,,official_reference_reset_unresolved_cause,common_stock,2004-09-27,False,
6225,2012-08-06,5.72,4.98,0.0,2012-07-23,2.34,14.0,1.1282051282051286,1.4444444444444446,4.98,1.1282051282051286,0.0,1829,2012-08-06,capital_reduction,TWTAUU,2.34,5.35,2.286324786324786,False,capital_reduction_actual_share_ratio_missing,matched_corporate_action,common_stock,2004-09-27,False,True
6226,2013-11-26,11.2,11.2,0.0,2013-11-13,8.2,13.0,0.36585365853658547,0.36585365853658547,11.2,0.36585365853658547,0.0,1241,2013-11-26,capital_reduction,TWTAUU,8.2,10.49,1.2792682926829269,False,capital_reduction_actual_share_ratio_missing,matched_corporate_action,common_stock,2008-11-10,False,True
6235,2011-08-31,12.05,10.9,0.0,2011-08-11,5.86,20.0,0.8600682593856654,1.0563139931740615,10.9,0.8600682593856654,0.0,1633,2011-08-31,capital_reduction,TWTAUU,5.86,11.71,1.9982935153583619,False,capital_reduction_actual_share_ratio_missing,matched_corporate_action,common_stock,2004-08-23,False,True
6289,2011-03-29,12.4,12.0,0.0,2011-03-16,8.73,13.0,0.3745704467353952,0.4203894616265751,12.0,0.3745704467353952,0.0,1531,2011-03-29,capital_reduction,TWTAUU,8.73,11.63,1.3321878579610538,False,capital_reduction_actual_share_ratio_missing,matched_corporate_action,common_stock,,False,True
8016,2005-06-02,99.5,95.2,0.0,2005-06-01,130.0,1.0,-0.2676923076923077,-0.23461538461538467,95.2,-0.2676923076923077,0.0,100,2005-06-02,ex_right_dividend,TWT49U,130.0,95.65,0.7357692307692308,True,,matched_corporate_action,common_stock,2003-12-25,True,True
8072,2014-07-01,79.3,77.1,0.0,2014-06-30,99.7,1.0,-0.22668004012036114,-0.20461384152457374,77.1,-0.22668004012036114,0.0,2188,2014-07-01,ex_dividend,TWT49U,99.7,79.7,0.7993981945837513,True,,matched_corporate_action,common_stock,2005-08-19,True,True
8374,2012-08-07,40.3,38.4,0.0,2012-08-06,48.0,1.0,-0.20000000000000007,-0.16041666666666676,38.4,-0.20000000000000007,0.0,895,2012-08-07,ex_right_dividend,TWT49U,48.0,40.01,0.8335416666666666,True,,matched_corporate_action,common_stock,2008-12-25,True,True
9103,2007-06-13,3.32,3.32,6.7524,2007-06-08,12.45,5.0,-0.7333333333333334,-0.7333333333333334,3.110000337228952,-0.7502007761261886,0.06752399999999992,598,2007-06-11,ex_right,TWT49U,12.45,3.11,0.2497991967871486,False,official_free_share_terms_missing,matched_corporate_action,depositary_receipt,2002-12-13,False,True
9104,2008-12-30,17.9,17.9,0.0,2008-12-12,25.5,18.0,-0.29803921568627456,-0.29803921568627456,17.9,-0.29803921568627456,0.0,365,,,,,,,,,excluded_non_common_security,depositary_receipt,,False,
9105,2005-04-12,5.75,5.75,0.0,2005-04-11,53.8,1.0,-0.8931226765799256,-0.8931226765799256,5.75,-0.8931226765799256,0.0,64,2005-04-12,ex_right,TWT49U,53.8,5.38,0.1,False,official_free_share_terms_missing,matched_corporate_action,depositary_receipt,2003-09-22,False,True
916665,2012-03-23,1.84,1.84,0.0,2012-03-05,4.91,18.0,-0.6252545824847251,-0.6252545824847251,1.84,-0.6252545824847251,0.0,250,,,,,,,,,official_reference_reset_unresolved_cause,common_stock,,False,
9801,2006-11-30,3.94,3.94,0.0,2006-11-10,1.96,20.0,1.010204081632653,1.010204081632653,3.94,1.010204081632653,0.0,438,,,,,,,,,official_reference_reset_unresolved_cause,common_stock,,False,
9902,2006-01-16,7.91,6.94,0.0,2005-12-14,4.44,33.0,0.5630630630630631,0.7815315315315314,6.94,0.5630630630630631,0.0,236,,,,,,,,,official_reference_reset_unresolved_cause,common_stock,1964-07-14,False,
9906,2011-04-08,7.35,7.35,0.0,2011-03-21,1.33,18.0,4.526315789473684,4.526315789473684,7.35,4.526315789473684,0.0,1363,2011-04-08,capital_reduction,TWTAUU,1.33,6.87,5.165413533834586,False,capital_reduction_actual_share_ratio_missing,matched_corporate_action,common_stock,1990-12-15,False,True
9906,2013-08-13,52.1,52.1,0.0,2013-08-12,110.0,1.0,-0.5263636363636364,-0.5263636363636364,52.1,-0.5263636363636364,0.0,1925,2013-08-13,ex_right,TWT49U,110.0,48.74,0.4430909090909091,True,,matched_corporate_action,common_stock,1990-12-15,True,True
9912,2005-05-25,6.23,6.23,0.0,2005-04-20,3.41,35.0,0.8269794721407626,0.8269794721407626,6.23,0.8269794721407626,0.0,71,,,,,,,,,official_reference_reset_unresolved_cause,common_stock,1992-08-08,False,
9912,2006-11-03,8.82,8.22,0.0,2006-10-16,4.6,18.0,0.7869565217391308,0.9173913043478263,8.22,0.7869565217391308,0.0,418,,,,,,,,,official_reference_reset_unresolved_cause,common_stock,1992-08-08,False,
9912,2013-08-28,19.05,19.05,0.0,2013-08-27,26.0,1.0,-0.26730769230769225,-0.26730769230769225,19.05,-0.26730769230769225,0.0,2080,2013-08-28,ex_right_dividend,TWT49U,26.0,20.47,0.7873076923076923,True,,matched_corporate_action,common_stock,1992-08-08,True,True
9922,2008-11-03,0.63,0.63,0.0,2008-10-14,0.85,20.0,-0.2588235294117647,-0.2588235294117647,0.63,-0.2588235294117647,0.0,758,,,,,,,,,official_reference_reset_unresolved_cause,common_stock,,False,
9927,2008-08-29,30.2,28.9,0.0,2008-08-28,39.1,1.0,-0.26086956521739135,-0.2276214833759591,28.9,-0.26086956521739135,0.0,900,2008-08-29,ex_right_dividend,TWT49U,39.1,31.04,0.7938618925831201,True,,matched_corporate_action,common_stock,1999-03-12,True,True
9928,2006-11-10,16.0,15.25,0.0,2006-10-23,8.67,18.0,0.7589388696655133,0.845444059976932,15.25,0.7589388696655133,0.0,446,,,,,,,,,official_reference_reset_unresolved_cause,common_stock,1999-08-09,False,
9928,2009-11-27,24.0,23.45,0.0,2009-11-10,10.9,17.0,1.1513761467889907,1.2018348623853212,23.45,1.1513761467889907,0.0,1185,,,,,,,,,official_reference_reset_unresolved_cause,common_stock,1999-08-09,False,
9935,2012-01-02,4.85,4.85,0.0,2011-12-14,3.02,19.0,0.6059602649006621,0.6059602649006621,4.85,0.6059602649006621,0.0,1720,2012-01-02,capital_reduction,TWTAUU,3.02,4.54,1.5033112582781456,False,capital_reduction_actual_share_ratio_missing,matched_corporate_action,common_stock,2000-09-11,False,True
9940,2005-07-14,56.0,58.5,0.0,2005-07-13,73.4,1.0,-0.20299727520435973,-0.23705722070844693,58.5,-0.20299727520435973,0.0,130,2005-07-14,ex_right_dividend,TWT49U,73.4,54.69,0.7450953678474114,True,,matched_corporate_action,common_stock,2001-09-17,True,True
9940,2007-09-20,92.5,87.3,0.0,2007-09-19,119.5,1.0,-0.26945606694560675,-0.2259414225941423,87.3,-0.26945606694560675,0.0,668,2007-09-20,ex_right_dividend,TWT49U,119.5,91.08,0.7621757322175732,True,,matched_corporate_action,common_stock,2001-09-17,True,True
9940,2010-07-13,50.5,49.8,0.0,2010-07-12,63.5,1.0,-0.21574803149606303,-0.20472440944881887,49.8,-0.21574803149606303,0.0,1362,2010-07-13,ex_right_dividend,TWT49U,63.5,50.76,0.7993700787401574,True,,matched_corporate_action,common_stock,2001-09-17,True,True
9940,2011-06-30,58.0,55.4,0.0,2011-06-29,72.6,1.0,-0.23691460055096414,-0.20110192837465557,55.4,-0.23691460055096414,0.0,1602,2011-06-30,ex_right_dividend,TWT49U,72.6,58.0,0.7988980716253444,True,,matched_corporate_action,common_stock,2001-09-17,True,True
9940,2014-07-01,41.9,41.75,0.0,2014-06-30,53.8,1.0,-0.22397769516728616,-0.2211895910780669,41.75,-0.22397769516728616,0.0,2341,2014-07-01,ex_right_dividend,TWT49U,53.8,41.96,0.7799256505576209,True,,matched_corporate_action,common_stock,2001-09-17,True,True
