source_report,event_date,stock_id,stock_name,period_start,source_row_number,raw_path,raw_sha256_matches,normalized_fields_match,mismatched_fields,raw_row_sha256,raw_official_row_json
TWT49U,2005-01-11,6280,崇貿,2005-01-01,1,data/raw/twse/corporate_actions/ex_right_dividend/2005/TWT49U_200501.json.gz,True,True,,BF398BF5E879B4113BFC164EFF489202232CC3862B58D5535DEACEFC3801380C,"{""息值"":0.0,""最近一次申報每股 (單位)淨值"":"""",""最近一次申報每股 (單位)盈餘"":"""",""最近一次申報資料 季別/日期"":"""",""權/息"":""權"",""權值"":5.52,""權值+息值"":""5.520000"",""減除股利參考價"":""27.48"",""漲停價格"":""29.40"",""股票代號"":""6280"",""股票名稱"":""崇貿"",""詳細資料"":""6280,20050111"",""資料日期"":""94年01月11日"",""跌停價格"":""25.60"",""開盤競價基準"":""27.50"",""除權息前收盤價"":""33.00"",""除權息參考價"":""27.48""}"
TWT49U,2005-07-29,2201,裕隆,2005-07-01,193,data/raw/twse/corporate_actions/ex_right_dividend/2005/TWT49U_200507.json.gz,True,True,,7FD6C97EF1375C1C02D9D01E0731E36CB90E522037799C59D214B575D4C3A58C,"{""息值"":1.85,""最近一次申報每股 (單位)淨值"":""60.66"",""最近一次申報每股 (單位)盈餘"":""0.35"",""最近一次申報資料 季別/日期"":""115年第1季(https://mops.twse.com.tw/mops/web/t163sb01)"",""權/息"":""權息"",""權值"":0.52,""權值+息值"":""2.370000"",""減除股利參考價"":""34.58"",""漲停價格"":""37.00"",""股票代號"":""2201"",""股票名稱"":""裕隆"",""詳細資料"":""2201,20050729"",""資料日期"":""94年07月29日"",""跌停價格"":""32.20"",""開盤競價基準"":""34.60"",""除權息前收盤價"":""36.95"",""除權息參考價"":""34.58""}"
TWT49U,2005-12-28,4526,東台,2005-12-01,6,data/raw/twse/corporate_actions/ex_right_dividend/2005/TWT49U_200512.json.gz,True,True,,E80CDA188FF65CD03A3E10917D499FB59D62CF209B6318AC9CF50182348510F4,"{""息值"":0.0,""最近一次申報每股 (單位)淨值"":""18.94"",""最近一次申報每股 (單位)盈餘"":""-0.65"",""最近一次申報資料 季別/日期"":""115年第1季(https://mops.twse.com.tw/mops/web/t163sb01)"",""權/息"":""權"",""權值"":1.47,""權值+息值"":""1.470000"",""減除股利參考價"":""45.00"",""漲停價格"":""48.15"",""股票代號"":""4526"",""股票名稱"":""東台"",""詳細資料"":""4526,20051228"",""資料日期"":""94年12月28日"",""跌停價格"":""40.50"",""開盤競價基準"":""45.00"",""除權息前收盤價"":""45.00"",""除權息參考價"":""43.53""}"
TWT49U,2006-01-10,2375,凱美,2006-01-01,1,data/raw/twse/corporate_actions/ex_right_dividend/2006/TWT49U_200601.json.gz,True,True,,C0DE2906D088BABC37E12AF2F74EE332E57D9B34027641C8A3D094144F0FF0CF,"{""息值"":0.0,""最近一次申報每股 (單位)淨值"":""92.12"",""最近一次申報每股 (單位)盈餘"":""0.78"",""最近一次申報資料 季別/日期"":""115年第1季(https://mops.twse.com.tw/mops/web/t163sb01)"",""權/息"":""權"",""權值"":0.25,""權值+息值"":""0.250000"",""減除股利參考價"":""9.23"",""漲停價格"":""9.87"",""股票代號"":""2375"",""股票名稱"":""凱美"",""詳細資料"":""2375,20060110"",""資料日期"":""95年01月10日"",""跌停價格"":""8.59"",""開盤競價基準"":""9.23"",""除權息前收盤價"":""9.48"",""除權息參考價"":""9.23""}"
TWT49U,2006-08-02,3189,景碩,2006-08-01,26,data/raw/twse/corporate_actions/ex_right_dividend/2006/TWT49U_200608.json.gz,True,True,,E253D0A7C4112FAADC4DCFAE1D1AC55B9F779A38E74B120A52C2DD5F2720E242,"{""息值"":1.279282,""最近一次申報每股 (單位)淨值"":""84.39"",""最近一次申報每股 (單位)盈餘"":""3.74"",""最近一次申報資料 季別/日期"":""115年第2季(https://mops.twse.com.tw/mops/web/t163sb01)"",""權/息"":""權息"",""權值"":11.59,""權值+息值"":""12.869282"",""減除股利參考價"":""81.14"",""漲停價格"":""86.80"",""股票代號"":""3189"",""股票名稱"":""景碩"",""詳細資料"":""3189,20060802"",""資料日期"":""95年08月02日"",""跌停價格"":""75.50"",""開盤競價基準"":""81.10"",""除權息前收盤價"":""94.00"",""除權息參考價"":""81.14""}"
TWT49U,2006-12-13,1609,大亞,2006-12-01,2,data/raw/twse/corporate_actions/ex_right_dividend/2006/TWT49U_200612.json.gz,True,True,,312DF1359A44476C019A0182703FC9BABCBC8926DC2B2B87CEA31FCF7A2E713F,"{""息值"":0.178,""最近一次申報每股 (單位)淨值"":""22.34"",""最近一次申報每股 (單位)盈餘"":""0.66"",""最近一次申報資料 季別/日期"":""115年第1季(https://mops.twse.com.tw/mops/web/t163sb01)"",""權/息"":""權息"",""權值"":0.5,""權值+息值"":""0.678000"",""減除股利參考價"":""13.43"",""漲停價格"":""14.35"",""股票代號"":""1609"",""股票名稱"":""大亞"",""詳細資料"":""1609,20061213"",""資料日期"":""95年12月13日"",""跌停價格"":""12.50"",""開盤競價基準"":""13.45"",""除權息前收盤價"":""14.10"",""除權息參考價"":""13.43""}"
TWT49U,2007-01-10,9939,宏全,2007-01-01,1,data/raw/twse/corporate_actions/ex_right_dividend/2007/TWT49U_200701.json.gz,True,True,,607E38C978BD900434E949DF40BE6BE05F406C8DEC7251C805DE266684CE85F8,"{""息值"":0.0,""最近一次申報每股 (單位)淨值"":""64.23"",""最近一次申報每股 (單位)盈餘"":""2.25"",""最近一次申報資料 季別/日期"":""115年第1季(https://mops.twse.com.tw/mops/web/t163sb01)"",""權/息"":""權"",""權值"":0.74,""權值+息值"":""0.740000"",""減除股利參考價"":""29.80"",""漲停價格"":""31.85"",""股票代號"":""9939"",""股票名稱"":""宏全"",""詳細資料"":""9939,20070110"",""資料日期"":""96年01月10日"",""跌停價格"":""27.05"",""開盤競價基準"":""29.80"",""除權息前收盤價"":""29.80"",""除權息參考價"":""29.06""}"
TWT49U,2007-08-01,8078,華寶,2007-08-01,9,data/raw/twse/corporate_actions/ex_right_dividend/2007/TWT49U_200708.json.gz,True,True,,04A345A1C4D595282317DA60253D2D5BF7EEB1B5BB312213A5F0D16BCD2B4154,"{""息值"":6.5,""最近一次申報每股 (單位)淨值"":""16.18"",""最近一次申報每股 (單位)盈餘"":""-0.16"",""最近一次申報資料 季別/日期"":""102年第3季(https://mops.twse.com.tw/mops/web/t163sb01)"",""權/息"":""權息"",""權值"":6.42,""權值+息值"":""12.920000"",""減除股利參考價"":""79.58"",""漲停價格"":""85.10"",""股票代號"":""8078"",""股票名稱"":""華寶"",""詳細資料"":""8078,20070801"",""資料日期"":""96年08月01日"",""跌停價格"":""74.10"",""開盤競價基準"":""79.60"",""除權息前收盤價"":""92.50"",""除權息參考價"":""79.58""}"
TWT49U,2007-12-21,6168,宏齊,2007-12-01,4,data/raw/twse/corporate_actions/ex_right_dividend/2007/TWT49U_200712.json.gz,True,True,,B194A666D99E74A327AF647A5C3BA114ECBEA318C6A96895E56261BA578DA1E7,"{""息值"":0.0,""最近一次申報每股 (單位)淨值"":""14.94"",""最近一次申報每股 (單位)盈餘"":""0.02"",""最近一次申報資料 季別/日期"":""115年第1季(https://mops.twse.com.tw/mops/web/t163sb01)"",""權/息"":""權"",""權值"":0.11,""權值+息值"":""0.110000"",""減除股利參考價"":""30.00"",""漲停價格"":""32.20"",""股票代號"":""6168"",""股票名稱"":""宏齊"",""詳細資料"":""6168,20071221"",""資料日期"":""96年12月21日"",""跌停價格"":""27.90"",""開盤競價基準"":""30.00"",""除權息前收盤價"":""30.00"",""除權息參考價"":""30.11""}"
TWT49U,2008-01-02,3315,宣昶,2008-01-01,1,data/raw/twse/corporate_actions/ex_right_dividend/2008/TWT49U_200801.json.gz,True,True,,FD8D2D1B03F38010D4E387E93298A7579B337A322601186A7D6EC7619C39EA98,"{""息值"":0.0,""最近一次申報每股 (單位)淨值"":""22.67"",""最近一次申報每股 (單位)盈餘"":""-0.33"",""最近一次申報資料 季別/日期"":""106年第2季(https://mops.twse.com.tw/mops/web/t163sb01)"",""權/息"":""權"",""權值"":0.35,""權值+息值"":""0.350000"",""減除股利參考價"":""53.50"",""漲停價格"":""57.20"",""股票代號"":""3315"",""股票名稱"":""宣昶"",""詳細資料"":""3315,20080102"",""資料日期"":""97年01月02日"",""跌停價格"":""49.45"",""開盤競價基準"":""53.50"",""除權息前收盤價"":""53.50"",""除權息參考價"":""53.15""}"
TWT49U,2008-07-31,6112,邁達特,2008-07-01,263,data/raw/twse/corporate_actions/ex_right_dividend/2008/TWT49U_200807.json.gz,True,True,,A99353485615E3B9D643F39AC4AB7DB62E7AED22557A5BCBA6212CE7E6545CF4,"{""息值"":1.0,""最近一次申報每股 (單位)淨值"":""23.00"",""最近一次申報每股 (單位)盈餘"":""1.85"",""最近一次申報資料 季別/日期"":""115年第2季(https://mops.twse.com.tw/mops/web/t163sb01)"",""權/息"":""權息"",""權值"":1.91,""權值+息值"":""2.910000"",""減除股利參考價"":""19.09"",""漲停價格"":""20.40"",""股票代號"":""6112"",""股票名稱"":""邁達特"",""詳細資料"":""6112,20080731"",""資料日期"":""97年07月31日"",""跌停價格"":""17.80"",""開盤競價基準"":""19.10"",""除權息前收盤價"":""22.00"",""除權息參考價"":""19.09""}"
TWT49U,2008-11-20,01007T,兆豐國泰R2,2008-11-01,3,data/raw/twse/corporate_actions/ex_right_dividend/2008/TWT49U_200811.json.gz,True,True,,8251A0EE6DEA3B113F9829419CF69E4E69099B0BE81A293BE2FE7D6DC5DB351C,"{""息值"":0.211581,""最近一次申報每股 (單位)淨值"":""23.79"",""最近一次申報每股 (單位)盈餘"":""N/A"",""最近一次申報資料 季別/日期"":""115年08月11日(https://mops.twse.com.tw/mops/web/t112sb01_q5)"",""權/息"":""息"",""權值"":0.0,""權值+息值"":""0.211581"",""減除股利參考價"":""7.83"",""漲停價格"":""8.37"",""股票代號"":""01007T"",""股票名稱"":""兆豐國泰R2"",""詳細資料"":""01007T,20081120"",""資料日期"":""97年11月20日"",""跌停價格"":""7.29"",""開盤競價基準"":""7.83"",""除權息前收盤價"":""8.05"",""除權息參考價"":""7.83""}"
TWT49U,2009-02-09,3561,昇陽光電,2009-02-01,1,data/raw/twse/corporate_actions/ex_right_dividend/2009/TWT49U_200902.json.gz,True,True,,B465D44025FD7E12397EBA132A8C2329338E811769941D381EA24017A652669B,"{""最近一次申報每股 (單位)淨值"":""20.01"",""最近一次申報每股 (單位)盈餘"":""-1.17"",""最近一次申報資料 季別/日期"":""107年第2季(https://mops.twse.com.tw/mops/web/t163sb01)"",""權/息"":""權"",""權值+息值"":""0.439836"",""減除股利參考價"":""24.60"",""漲停價格"":""26.30"",""股票代號"":""3561"",""股票名稱"":""昇陽光電"",""詳細資料"":""3561,20090209"",""資料日期"":""98年02月09日"",""跌停價格"":""22.50"",""開盤競價基準"":""24.60"",""除權息前收盤價"":""24.60"",""除權息參考價"":""24.16""}"
TWT49U,2009-08-03,2467,志聖,2009-08-01,4,data/raw/twse/corporate_actions/ex_right_dividend/2009/TWT49U_200908.json.gz,True,True,,F025EE677E0C23D5D96101128C95653D0E5854A93165D932FF53601FED93184A,"{""最近一次申報每股 (單位)淨值"":""100.34"",""最近一次申報每股 (單位)盈餘"":""7.16"",""最近一次申報資料 季別/日期"":""115年第2季(https://mops.twse.com.tw/mops/web/t163sb01)"",""權/息"":""權息"",""權值+息值"":""0.549284"",""減除股利參考價"":""11.55"",""漲停價格"":""12.35"",""股票代號"":""2467"",""股票名稱"":""志聖"",""詳細資料"":""2467,20090803"",""資料日期"":""98年08月03日"",""跌停價格"":""10.75"",""開盤競價基準"":""11.55"",""除權息前收盤價"":""12.10"",""除權息參考價"":""11.55""}"
TWT49U,2009-12-18,0081,恒香港,2009-12-01,4,data/raw/twse/corporate_actions/ex_right_dividend/2009/TWT49U_200912.json.gz,True,True,,E3D46B27A234C18028848019F19A6EC24F3A090DFD988022427B5767D00271AA,"{""最近一次申報每股 (單位)淨值"":"""",""最近一次申報每股 (單位)盈餘"":"""",""最近一次申報資料 季別/日期"":"""",""權/息"":""息"",""權值+息值"":""8.246000"",""減除股利參考價"":""900.75"",""漲停價格"":""9,999.95"",""股票代號"":""0081"",""股票名稱"":""恒香港"",""詳細資料"":""0081,20091218"",""資料日期"":""98年12月18日"",""跌停價格"":""0.01"",""開盤競價基準"":""900.75"",""除權息前收盤價"":""909.00"",""除權息參考價"":""900.75""}"
TWT49U,2010-01-14,3058,立德,2010-01-01,1,data/raw/twse/corporate_actions/ex_right_dividend/2010/TWT49U_201001.json.gz,True,True,,3AE7DD58B64456E0A95DBDECE6CFAECE6D184CBEC6AED65839A722772DEEA45D,"{""最近一次申報每股 (單位)淨值"":""7.73"",""最近一次申報每股 (單位)盈餘"":""-0.19"",""最近一次申報資料 季別/日期"":""115年第1季(https://mops.twse.com.tw/mops/web/t163sb01)"",""權/息"":""權"",""權值+息值"":""0.639420"",""減除股利參考價"":""28.90"",""漲停價格"":""30.90"",""股票代號"":""3058"",""股票名稱"":""立德"",""詳細資料"":""3058,20100114"",""資料日期"":""99年01月14日"",""跌停價格"":""26.30"",""開盤競價基準"":""28.90"",""除權息前收盤價"":""28.90"",""除權息參考價"":""28.26""}"
TWT49U,2010-07-29,1201,味全,2010-07-01,249,data/raw/twse/corporate_actions/ex_right_dividend/2010/TWT49U_201007.json.gz,True,True,,81848E60A531F7C6644AAC4F5DA81BF7412540A3127DEA6B69802384A6D1E008,"{""最近一次申報每股 (單位)淨值"":""15.72"",""最近一次申報每股 (單位)盈餘"":""0.00"",""最近一次申報資料 季別/日期"":""115年第2季(https://mops.twse.com.tw/mops/web/t163sb01)"",""權/息"":""息"",""權值+息值"":""0.600000"",""減除股利參考價"":""36.45"",""漲停價格"":""39.00"",""股票代號"":""1201"",""股票名稱"":""味全"",""詳細資料"":""1201,20100729"",""資料日期"":""99年07月29日"",""跌停價格"":""33.90"",""開盤競價基準"":""36.45"",""除權息前收盤價"":""37.05"",""除權息參考價"":""36.45""}"
TWT49U,2010-12-21,1704,榮化,2010-12-01,5,data/raw/twse/corporate_actions/ex_right_dividend/2010/TWT49U_201012.json.gz,True,True,,4AF37910F8DF7E01D77802A0C1EDE4FE175B88B93A25A0F69CFF523D2DEFFC33,"{""最近一次申報每股 (單位)淨值"":""36.73"",""最近一次申報每股 (單位)盈餘"":""2.83"",""最近一次申報資料 季別/日期"":""107年第3季(https://mops.twse.com.tw/mops/web/t163sb01)"",""權/息"":""權"",""權值+息值"":""0.385119"",""減除股利參考價"":""65.60"",""漲停價格"":""70.10"",""股票代號"":""1704"",""股票名稱"":""榮化"",""詳細資料"":""1704,20101221"",""資料日期"":""99年12月21日"",""跌停價格"":""60.70"",""開盤競價基準"":""65.60"",""除權息前收盤價"":""65.60"",""除權息參考價"":""65.21""}"
TWT49U,2011-01-05,3017,奇鋐,2011-01-01,1,data/raw/twse/corporate_actions/ex_right_dividend/2011/TWT49U_201101.json.gz,True,True,,1E0C0CAA69DDF0B335B0237B6BD4B6B0E17F285CEA2659058B406534C0003035,"{""最近一次申報每股 (單位)淨值"":""115.06"",""最近一次申報每股 (單位)盈餘"":""20.17"",""最近一次申報資料 季別/日期"":""115年第1季(https://mops.twse.com.tw/mops/web/t163sb01)"",""權/息"":""權"",""權值+息值"":""0.459923"",""減除股利參考價"":""34.65"",""漲停價格"":""37.05"",""股票代號"":""3017"",""股票名稱"":""奇鋐"",""詳細資料"":""3017,20110105"",""資料日期"":""100年01月05日"",""跌停價格"":""31.80"",""開盤競價基準"":""34.65"",""除權息前收盤價"":""34.65"",""除權息參考價"":""34.19""}"
TWT49U,2011-07-28,3032,偉訓,2011-07-01,282,data/raw/twse/corporate_actions/ex_right_dividend/2011/TWT49U_201107.json.gz,True,True,,C14212DD0F51ACD53E2903E81C6BC1C76091946A41ECF699064092B929C382F8,"{""最近一次申報每股 (單位)淨值"":""24.83"",""最近一次申報每股 (單位)盈餘"":""0.85"",""最近一次申報資料 季別/日期"":""115年第1季(https://mops.twse.com.tw/mops/web/t163sb01)"",""權/息"":""權息"",""權值+息值"":""1.112377"",""減除股利參考價"":""11.23"",""漲停價格"":""12.00"",""股票代號"":""3032"",""股票名稱"":""偉訓"",""詳細資料"":""3032,20110728"",""資料日期"":""100年07月28日"",""跌停價格"":""10.45"",""開盤競價基準"":""11.25"",""除權息前收盤價"":""12.35"",""除權息參考價"":""11.23""}"
TWT49U,2011-12-16,0081,恒香港,2011-12-01,4,data/raw/twse/corporate_actions/ex_right_dividend/2011/TWT49U_201112.json.gz,True,True,,9F22365A150A1F4B64CF0C976C358A5B03D3702881CB08A9B377427732293C66,"{""最近一次申報每股 (單位)淨值"":"""",""最近一次申報每股 (單位)盈餘"":"""",""最近一次申報資料 季別/日期"":"""",""權/息"":""息"",""權值+息值"":""8.001000"",""減除股利參考價"":""691.99"",""漲停價格"":""9,999.95"",""股票代號"":""0081"",""股票名稱"":""恒香港"",""詳細資料"":""0081,20111216"",""資料日期"":""100年12月16日"",""跌停價格"":""0.01"",""開盤競價基準"":""692.00"",""除權息前收盤價"":""700.00"",""除權息參考價"":""691.99""}"
TWT49U,2012-01-09,2610,華航,2012-01-01,1,data/raw/twse/corporate_actions/ex_right_dividend/2012/TWT49U_201201.json.gz,True,True,,2504360DF5E6206603716460BA1C470D4818CB3EA5AD9CE09D1303F3B05BA341,"{""最近一次申報每股 (單位)淨值"":""16.29"",""最近一次申報每股 (單位)盈餘"":""1.08"",""最近一次申報資料 季別/日期"":""115年第2季(https://mops.twse.com.tw/mops/web/t163sb01)"",""權/息"":""權"",""權值+息值"":""0.177072"",""減除股利參考價"":""13.35"",""漲停價格"":""14.25"",""股票代號"":""2610"",""股票名稱"":""華航"",""詳細資料"":""2610,20120109"",""資料日期"":""101年01月09日"",""跌停價格"":""12.25"",""開盤競價基準"":""13.35"",""除權息前收盤價"":""13.35"",""除權息參考價"":""13.17""}"
TWT49U,2012-07-25,9937,全國,2012-07-01,263,data/raw/twse/corporate_actions/ex_right_dividend/2012/TWT49U_201207.json.gz,True,True,,40FF3E546A96C40CEF86F7CF6EB7E992EA0517270C0B7D3E5B72344E54F541F5,"{""最近一次申報每股 (單位)淨值"":""17.93"",""最近一次申報每股 (單位)盈餘"":""1.30"",""最近一次申報資料 季別/日期"":""115年第2季(https://mops.twse.com.tw/mops/web/t163sb01)"",""權/息"":""息"",""權值+息值"":""3.000000"",""減除股利參考價"":""30.00"",""漲停價格"":""32.10"",""股票代號"":""9937"",""股票名稱"":""全國"",""詳細資料"":""9937,20120725"",""資料日期"":""101年07月25日"",""跌停價格"":""27.90"",""開盤競價基準"":""30.00"",""除權息前收盤價"":""33.00"",""除權息參考價"":""30.00""}"
TWT49U,2012-12-27,8011,台通,2012-12-01,8,data/raw/twse/corporate_actions/ex_right_dividend/2012/TWT49U_201212.json.gz,True,True,,7EFBBCBFC299600159A8C7D381BAA8E8C7B26BEE3FE8813D4EFDCD83BCF25C67,"{""最近一次申報每股 (單位)淨值"":""19.13"",""最近一次申報每股 (單位)盈餘"":""0.00"",""最近一次申報資料 季別/日期"":""115年第2季(https://mops.twse.com.tw/mops/web/t163sb01)"",""權/息"":""權"",""權值+息值"":""0.651404"",""減除股利參考價"":""38.15"",""漲停價格"":""40.80"",""股票代號"":""8011"",""股票名稱"":""台通"",""詳細資料"":""8011,20121227"",""資料日期"":""101年12月27日"",""跌停價格"":""34.90"",""開盤競價基準"":""38.15"",""除權息前收盤價"":""38.15"",""除權息參考價"":""37.49""}"
TWT49U,2013-01-04,5906,台南-KY,2013-01-01,1,data/raw/twse/corporate_actions/ex_right_dividend/2013/TWT49U_201301.json.gz,True,True,,B13ACB5D39DCCCD568010D92155147156217C64C1F093B568623DFC429FF3AEA,"{""最近一次申報每股 (單位)淨值"":""16.31"",""最近一次申報每股 (單位)盈餘"":""0.11"",""最近一次申報資料 季別/日期"":""115年第1季(https://mops.twse.com.tw/mops/web/t163sb01)"",""權/息"":""權"",""權值+息值"":""0.140154"",""減除股利參考價"":""12.45"",""漲停價格"":""13.30"",""股票代號"":""5906"",""股票名稱"":""台南-KY"",""詳細資料"":""5906,20130104"",""資料日期"":""102年01月04日"",""跌停價格"":""11.45"",""開盤競價基準"":""12.45"",""除權息前收盤價"":""12.45"",""除權息參考價"":""12.30""}"
TWT49U,2013-07-25,2347,聯強,2013-07-01,277,data/raw/twse/corporate_actions/ex_right_dividend/2013/TWT49U_201307.json.gz,True,True,,3FA318BD52554307B24A804DE5BF3F462A9F58B3B1D0F6E03D5093EB73D6CCE1,"{""最近一次申報每股 (單位)淨值"":""51.90"",""最近一次申報每股 (單位)盈餘"":""4.12"",""最近一次申報資料 季別/日期"":""115年第2季(https://mops.twse.com.tw/mops/web/t163sb01)"",""權/息"":""息"",""權值+息值"":""2.000000"",""減除股利參考價"":""39.55"",""漲停價格"":""42.30"",""股票代號"":""2347"",""股票名稱"":""聯強"",""詳細資料"":""2347,20130725"",""資料日期"":""102年07月25日"",""跌停價格"":""36.80"",""開盤競價基準"":""39.55"",""除權息前收盤價"":""41.55"",""除權息參考價"":""39.55""}"
TWT49U,2013-12-19,1715,萬洲,2013-12-01,8,data/raw/twse/corporate_actions/ex_right_dividend/2013/TWT49U_201312.json.gz,True,True,,21A1024BDECC026AF8929B4F04B3DA585459F40D8EA741DC87B9416115E6F95E,"{""最近一次申報每股 (單位)淨值"":""14.07"",""最近一次申報每股 (單位)盈餘"":""0.06"",""最近一次申報資料 季別/日期"":""106年第2季(https://mops.twse.com.tw/mops/web/t163sb01)"",""權/息"":""權"",""權值+息值"":""0.168408"",""減除股利參考價"":""17.50"",""漲停價格"":""18.70"",""股票代號"":""1715"",""股票名稱"":""萬洲"",""詳細資料"":""1715,20131219"",""資料日期"":""102年12月19日"",""跌停價格"":""16.15"",""開盤競價基準"":""17.50"",""除權息前收盤價"":""17.50"",""除權息參考價"":""17.33""}"
TWT49U,2014-01-16,911619,耀傑-DR,2014-01-01,1,data/raw/twse/corporate_actions/ex_right_dividend/2014/TWT49U_201401.json.gz,True,True,,4F4B29F1F011282D8AE0B5F6113F226EB31BC6D492F2E491297E3D316E8B0B4E,"{""最近一次申報每股 (單位)淨值"":"""",""最近一次申報每股 (單位)盈餘"":"""",""最近一次申報資料 季別/日期"":"""",""權/息"":""息"",""權值+息值"":""0.235700"",""減除股利參考價"":""4.46"",""漲停價格"":""4.77"",""股票代號"":""911619"",""股票名稱"":""耀傑-DR"",""詳細資料"":""911619,20140116"",""資料日期"":""103年01月16日"",""跌停價格"":""4.15"",""開盤競價基準"":""4.46"",""除權息前收盤價"":""4.70"",""除權息參考價"":""4.46""}"
TWT49U,2014-07-25,6209,今國光,2014-07-01,289,data/raw/twse/corporate_actions/ex_right_dividend/2014/TWT49U_201407.json.gz,True,True,,F8C27DE4A4761D78902D087DE4E2C1C7BB4A314155DA132881CFA8CC9A6A9AAF,"{""最近一次申報每股 (單位)淨值"":""19.57"",""最近一次申報每股 (單位)盈餘"":""0.81"",""最近一次申報資料 季別/日期"":""115年第1季(https://mops.twse.com.tw/mops/web/t163sb01)"",""權/息"":""息"",""權值+息值"":""0.600000"",""減除股利參考價"":""28.65"",""漲停價格"":""30.65"",""股票代號"":""6209"",""股票名稱"":""今國光"",""詳細資料"":""6209,20140725"",""資料日期"":""103年07月25日"",""跌停價格"":""26.65"",""開盤競價基準"":""28.65"",""除權息前收盤價"":""29.25"",""除權息參考價"":""28.65""}"
TWT49U,2014-12-26,3596,智易,2014-12-01,6,data/raw/twse/corporate_actions/ex_right_dividend/2014/TWT49U_201412.json.gz,True,True,,9C3D57BD87CCB065B624B6D642EC72526017D402DF852E0D1EF3E50199BEF5A2,"{""最近一次申報每股 (單位)淨值"":""74.68"",""最近一次申報每股 (單位)盈餘"":""6.50"",""最近一次申報資料 季別/日期"":""115年第2季(https://mops.twse.com.tw/mops/web/t163sb01)"",""權/息"":""權"",""權值+息值"":""1.169504"",""減除股利參考價"":""43.65"",""漲停價格"":""46.70"",""股票代號"":""3596"",""股票名稱"":""智易"",""詳細資料"":""3596,20141226"",""資料日期"":""103年12月26日"",""跌停價格"":""39.55"",""開盤競價基準"":""43.65"",""除權息前收盤價"":""43.65"",""除權息參考價"":""42.48""}"
TWTAUU,2011-01-25,2412,中華電,2011-01-01,1,data/raw/twse/corporate_actions/capital_reduction/2011/TWTAUU_201101.json.gz,True,True,,BB717B7BF105C01BD32957751D0439E038CA86CAC0FDDDA5F12A581F7054EC51,"{""停止買賣前收盤價格"":""73.10"",""名稱"":""中華電"",""恢復買賣參考價"":""88.87"",""恢復買賣日期"":""100/01/25"",""減資原因"":""退還股款"",""漲停價格"":""95.00"",""股票代號"":""2412"",""詳細資料"":""2412  ,20110128"",""跌停價格"":""82.70"",""開盤競價基準"":""88.90"",""除權參考價"":""--""}"
TWTAUU,2011-09-08,1805,寶徠,2011-09-01,2,data/raw/twse/corporate_actions/capital_reduction/2011/TWTAUU_201109.json.gz,True,True,,42F563D0B9F0F11277C799A1CB68EB1FF6F03E09763458CBD5DF13B341269E16,"{""停止買賣前收盤價格"":""16.35"",""名稱"":""寶徠"",""恢復買賣參考價"":""19.60"",""恢復買賣日期"":""100/09/08"",""減資原因"":""彌補虧損"",""漲停價格"":""20.95"",""股票代號"":""1805"",""詳細資料"":""1805  ,20110919"",""跌停價格"":""18.25"",""開盤競價基準"":""19.60"",""除權參考價"":""--""}"
TWTAUU,2011-12-30,2425,承啟,2011-12-01,2,data/raw/twse/corporate_actions/capital_reduction/2011/TWTAUU_201112.json.gz,True,True,,BA447E237412834C4328AAAB907553DFC10C053AF18B0D4A4AF057B35B11EDFB,"{""停止買賣前收盤價格"":""10.50"",""名稱"":""承啟"",""恢復買賣參考價"":""15.17"",""恢復買賣日期"":""100/12/30"",""減資原因"":""彌補虧損"",""漲停價格"":""16.20"",""股票代號"":""2425"",""詳細資料"":""2425  ,20120106"",""跌停價格"":""14.15"",""開盤競價基準"":""15.15"",""除權參考價"":""--""}"
TWTAUU,2012-01-02,9935,慶豐富,2012-01-01,1,data/raw/twse/corporate_actions/capital_reduction/2012/TWTAUU_201201.json.gz,True,True,,89317E36495A33429F862E6E3ED4C50C92DE85D90FBA6B221B795F7401576E62,"{""停止買賣前收盤價格"":""3.02"",""名稱"":""慶豐富"",""恢復買賣參考價"":""4.54"",""恢復買賣日期"":""101/01/02"",""減資原因"":""彌補虧損"",""漲停價格"":""4.85"",""股票代號"":""9935"",""詳細資料"":""9935  ,20120106"",""跌停價格"":""4.23"",""開盤競價基準"":""4.54"",""除權參考價"":""--""}"
TWTAUU,2012-10-08,2491,吉祥全,2012-10-01,3,data/raw/twse/corporate_actions/capital_reduction/2012/TWTAUU_201210.json.gz,True,True,,516A23933DA0D43DC74F6F6797D4B16248A83C0E48F254DFACED19EEF0D7C13A,"{""停止買賣前收盤價格"":""1.64"",""名稱"":""吉祥全"",""恢復買賣參考價"":""3.17"",""恢復買賣日期"":""101/10/08"",""減資原因"":""彌補虧損"",""漲停價格"":""3.39"",""股票代號"":""2491"",""詳細資料"":""2491  ,20130205"",""跌停價格"":""2.95"",""開盤競價基準"":""3.17"",""除權參考價"":""--""}"
TWTAUU,2012-12-28,2348,力廣,2012-12-01,3,data/raw/twse/corporate_actions/capital_reduction/2012/TWTAUU_201212.json.gz,True,True,,0C646F1FB9D178042CF00539A50F9600E1D51D257B5E755CA5851DDB5A5EE617,"{""停止買賣前收盤價格"":""2.80"",""名稱"":""力廣"",""恢復買賣參考價"":""28.66"",""恢復買賣日期"":""101/12/28"",""減資原因"":""彌補虧損"",""漲停價格"":""30.65"",""股票代號"":""2348"",""詳細資料"":""2348  ,20130205"",""跌停價格"":""26.70"",""開盤競價基準"":""28.65"",""除權參考價"":""--""}"
TWTAUU,2013-01-30,6145,勁永,2013-01-01,1,data/raw/twse/corporate_actions/capital_reduction/2013/TWTAUU_201301.json.gz,True,True,,8D5854152FDECC47B8D45D08EEDF6015733EA8F12723BA1AAB838EBD85E10DF8,"{""停止買賣前收盤價格"":""12.35"",""名稱"":""勁永"",""恢復買賣參考價"":""20.58"",""恢復買賣日期"":""102/01/30"",""減資原因"":""彌補虧損"",""漲停價格"":""22.00"",""股票代號"":""6145"",""詳細資料"":""6145  ,20130206"",""跌停價格"":""19.15"",""開盤競價基準"":""20.60"",""除權參考價"":""--""}"
TWTAUU,2013-10-18,1614,三洋電,2013-10-01,5,data/raw/twse/corporate_actions/capital_reduction/2013/TWTAUU_201310.json.gz,True,True,,9575D46B05AC5762583760D7CD9FE427D846E24B430C075B67281B6C6AC6A2FE,"{""停止買賣前收盤價格"":""33.15"",""名稱"":""三洋電"",""恢復買賣參考價"":""37.23"",""恢復買賣日期"":""102/10/18"",""減資原因"":""退還股款"",""漲停價格"":""39.80"",""股票代號"":""1614"",""詳細資料"":""1614  ,20131028"",""跌停價格"":""34.65"",""開盤競價基準"":""37.25"",""除權參考價"":""--""}"
TWTAUU,2013-12-30,1737,臺鹽,2013-12-01,3,data/raw/twse/corporate_actions/capital_reduction/2013/TWTAUU_201312.json.gz,True,True,,72BC7A36C43C9010E2E7118D26EB5C367BF3A3D10BC44C76198519CEAC7452A8,"{""停止買賣前收盤價格"":""23.50"",""名稱"":""臺鹽"",""恢復買賣參考價"":""28.77"",""恢復買賣日期"":""102/12/30"",""減資原因"":""退還股款"",""漲停價格"":""30.75"",""股票代號"":""1737"",""詳細資料"":""1737  ,20131231"",""跌停價格"":""26.80"",""開盤競價基準"":""28.75"",""除權參考價"":""--""}"
TWTAUU,2014-01-13,1456,怡華,2014-01-01,1,data/raw/twse/corporate_actions/capital_reduction/2014/TWTAUU_201401.json.gz,True,True,,90BB407E58A0BD060E3F31A9345CD69873BB4E7A7B50B6788462F24EE3C080D7,"{""停止買賣前收盤價格"":""3.40"",""名稱"":""怡華"",""恢復買賣參考價"":""8.50"",""恢復買賣日期"":""103/01/13"",""減資原因"":""彌補虧損"",""漲停價格"":""9.09"",""股票代號"":""1456"",""詳細資料"":""1456  ,20140124"",""跌停價格"":""7.91"",""開盤競價基準"":""8.50"",""除權參考價"":""--""}"
TWTAUU,2014-10-20,2476,鉅祥,2014-10-01,7,data/raw/twse/corporate_actions/capital_reduction/2014/TWTAUU_201410.json.gz,True,True,,26566993B9B0667FD51A3FE6E27FE28B02DEF476299805D0BC06D1B93ED0BD1B,"{""停止買賣前收盤價格"":""25.00"",""名稱"":""鉅祥"",""恢復買賣參考價"":""30.35"",""恢復買賣日期"":""103/10/20"",""減資原因"":""退還股款"",""漲停價格"":""32.45"",""股票代號"":""2476"",""詳細資料"":""2476  ,20141029"",""跌停價格"":""28.25"",""開盤競價基準"":""30.35"",""除權參考價"":""--""}"
TWTAUU,2014-12-10,1513,中興電,2014-12-01,1,data/raw/twse/corporate_actions/capital_reduction/2014/TWTAUU_201412.json.gz,True,True,,3BB2021DCE9458D6C4CDE90D4DBDDE58531056B14F65825EA19AB353BAA475CA,"{""停止買賣前收盤價格"":""19.60"",""名稱"":""中興電"",""恢復買賣參考價"":""20.05"",""恢復買賣日期"":""103/12/10"",""減資原因"":""退還股款"",""漲停價格"":""21.45"",""股票代號"":""1513"",""詳細資料"":""1513  ,20141223"",""跌停價格"":""18.65"",""開盤競價基準"":""20.05"",""除權參考價"":""--""}"
